"","Project","Country","Date","Site","Latitude","Longitude","Species","Bag_number","Genotype","Cookie_no","Sophie","Condition","Tank_color","Temperature","Pam_value","Timepoint"
"1","ESA","TUT",20260214,1,-14.28361,-170.60696,"AABR",22,1,19,"AABR1","wild","1-green",39,0.039,420
"2","ESA","TUT",20260214,1,-14.28361,-170.60696,"AABR",22,1,19,"AABR1","wild","4-yellow",29,0.652,420
"3","ESA","TUT",20260214,1,-14.28361,-170.60696,"AABR",22,1,19,"AABR1","wild","6-brown",38,0.389,420
"4","ESA","TUT",20260214,1,-14.28361,-170.60696,"AABR",22,1,19,"AABR1","wild","7-grey",36,0.589,420
"5","ESA","TUT",20260214,1,-14.28361,-170.60696,"AABR",21,2,20,"AABR2","wild","1-green",39,0.021,420
"6","ESA","TUT",20260214,1,-14.28361,-170.60696,"AABR",21,2,20,"AABR2","wild","4-yellow",29,0.615,420
"7","ESA","TUT",20260214,1,-14.28361,-170.60696,"AABR",21,2,20,"AABR2","wild","6-brown",38,0.414,420
"8","ESA","TUT",20260214,1,-14.28361,-170.60696,"AABR",21,2,20,"AABR2","wild","7-grey",36,0.622,420
"9","ESA","TUT",20260214,1,-14.28361,-170.60696,"AGLO",37,1,10,"AGLO1","wild","1-green",39,0.089,420
"10","ESA","TUT",20260214,1,-14.28361,-170.60696,"AGLO",37,1,10,"AGLO1","wild","4-yellow",29,0.647,420
"11","ESA","TUT",20260214,1,-14.28361,-170.60696,"AGLO",37,1,10,"AGLO1","wild","6-brown",38,0.569,420
"12","ESA","TUT",20260214,1,-14.28361,-170.60696,"AGLO",37,1,10,"AGLO1","wild","7-grey",36,0.638,420
"13","ESA","TUT",20260214,1,-14.28361,-170.60696,"AGLO",38,2,11,"AGLO2","wild","1-green",39,0.028,420
"14","ESA","TUT",20260214,1,-14.28361,-170.60696,"AGLO",38,2,11,"AGLO2","wild","4-yellow",29,0.647,420
"15","ESA","TUT",20260214,1,-14.28361,-170.60696,"AGLO",38,2,11,"AGLO2","wild","6-brown",38,0.453,420
"16","ESA","TUT",20260214,1,-14.28361,-170.60696,"AGLO",38,2,11,"AGLO2","wild","7-grey",36,0.558,420
"17","ESA","TUT",20260214,1,-14.28361,-170.60696,"AGLO",23,3,12,"AGLO3","wild","1-green",39,0.04,420
"18","ESA","TUT",20260214,1,-14.28361,-170.60696,"AGLO",23,3,12,"AGLO3","wild","4-yellow",29,0.635,420
"19","ESA","TUT",20260214,1,-14.28361,-170.60696,"AGLO",23,3,12,"AGLO3","wild","6-brown",38,0.442,420
"20","ESA","TUT",20260214,1,-14.28361,-170.60696,"AGLO",23,3,12,"AGLO3","wild","7-grey",36,0.587,420
"21","ESA","TUT",20260214,1,-14.28361,-170.60696,"AGLO",7,4,13,"AGLO4","wild","1-green",39,0.062,420
"22","ESA","TUT",20260214,1,-14.28361,-170.60696,"AGLO",7,4,13,"AGLO4","wild","4-yellow",29,0.653,420
"23","ESA","TUT",20260214,1,-14.28361,-170.60696,"AGLO",7,4,13,"AGLO4","wild","6-brown",38,0.336,420
"24","ESA","TUT",20260214,1,-14.28361,-170.60696,"AGLO",7,4,13,"AGLO4","wild","7-grey",36,0.572,420
"25","ESA","TUT",20260214,1,-14.28361,-170.60696,"AGLO",39,5,14,"AGLO5","wild","1-green",39,0.09,420
"26","ESA","TUT",20260214,1,-14.28361,-170.60696,"AGLO",39,5,14,"AGLO5","wild","4-yellow",29,0.651,420
"27","ESA","TUT",20260214,1,-14.28361,-170.60696,"AGLO",39,5,14,"AGLO5","wild","6-brown",38,0.471,420
"28","ESA","TUT",20260214,1,-14.28361,-170.60696,"AGLO",39,5,14,"AGLO5","wild","7-grey",36,0.624,420
"29","ESA","TUT",20260214,1,-14.28361,-170.60696,"AGLO",36,6,15,"AGLO6","wild","1-green",39,0.046,420
"30","ESA","TUT",20260214,1,-14.28361,-170.60696,"AGLO",36,6,15,"AGLO6","wild","4-yellow",29,0.658,420
"31","ESA","TUT",20260214,1,-14.28361,-170.60696,"AGLO",36,6,15,"AGLO6","wild","6-brown",38,0.56,420
"32","ESA","TUT",20260214,1,-14.28361,-170.60696,"AGLO",36,6,15,"AGLO6","wild","7-grey",36,0.64,420
"33","ESA","TUT",20260214,1,-14.28361,-170.60696,"AGLO",24,7,16,"AGLO7","wild","1-green",39,0.084,420
"34","ESA","TUT",20260214,1,-14.28361,-170.60696,"AGLO",24,7,16,"AGLO7","wild","4-yellow",29,0.61,420
"35","ESA","TUT",20260214,1,-14.28361,-170.60696,"AGLO",24,7,16,"AGLO7","wild","6-brown",38,0.408,420
"36","ESA","TUT",20260214,1,-14.28361,-170.60696,"AGLO",24,7,16,"AGLO7","wild","7-grey",36,0.521,420
"37","ESA","TUT",20260214,1,-14.28361,-170.60696,"AGLO",6,8,17,"AGLO8","wild","1-green",39,0.151,420
"38","ESA","TUT",20260214,1,-14.28361,-170.60696,"AGLO",6,8,17,"AGLO8","wild","4-yellow",29,0.65,420
"39","ESA","TUT",20260214,1,-14.28361,-170.60696,"AGLO",6,8,17,"AGLO8","wild","6-brown",38,0.463,420
"40","ESA","TUT",20260214,1,-14.28361,-170.60696,"AGLO",6,8,17,"AGLO8","wild","7-grey",36,0.58,420
"41","ESA","TUT",20260214,1,-14.28361,-170.60696,"AGLO",9,9,18,"AGLO9","wild","1-green",39,0.074,420
"42","ESA","TUT",20260214,1,-14.28361,-170.60696,"AGLO",9,9,18,"AGLO9","wild","4-yellow",29,0.642,420
"43","ESA","TUT",20260214,1,-14.28361,-170.60696,"AGLO",9,9,18,"AGLO9","wild","6-brown",38,0.478,420
"44","ESA","TUT",20260214,1,-14.28361,-170.60696,"AGLO",9,9,18,"AGLO9","wild","7-grey",36,0.622,420
"45","ESA","TUT",20260214,1,-14.28361,-170.60696,"AHYA",5,1,1,"AHYA1","wild","1-green",39,0.168,420
"46","ESA","TUT",20260214,1,-14.28361,-170.60696,"AHYA",5,1,1,"AHYA1","wild","4-yellow",29,0.651,420
"47","ESA","TUT",20260214,1,-14.28361,-170.60696,"AHYA",5,1,1,"AHYA1","wild","6-brown",38,0.569,420
"48","ESA","TUT",20260214,1,-14.28361,-170.60696,"AHYA",5,1,1,"AHYA1","wild","7-grey",36,0.597,420
"49","ESA","TUT",20260214,1,-14.28361,-170.60696,"ICRA",31,1,2,"ICRA1","wild","1-green",39,0.153,420
"50","ESA","TUT",20260214,1,-14.28361,-170.60696,"ICRA",31,1,2,"ICRA1","wild","4-yellow",29,0.606,420
"51","ESA","TUT",20260214,1,-14.28361,-170.60696,"ICRA",31,1,2,"ICRA1","wild","6-brown",38,0.562,420
"52","ESA","TUT",20260214,1,-14.28361,-170.60696,"ICRA",31,1,2,"ICRA1","wild","7-grey",36,0.637,420
"53","ESA","TUT",20260214,1,-14.28361,-170.60696,"ICRA",26,2,3,"ICRA2","wild","1-green",39,0.215,420
"54","ESA","TUT",20260214,1,-14.28361,-170.60696,"ICRA",26,2,3,"ICRA2","wild","4-yellow",29,0.65,420
"55","ESA","TUT",20260214,1,-14.28361,-170.60696,"ICRA",26,2,3,"ICRA2","wild","6-brown",38,0.558,420
"56","ESA","TUT",20260214,1,-14.28361,-170.60696,"ICRA",26,2,3,"ICRA2","wild","7-grey",36,0.579,420
"57","ESA","TUT",20260214,1,-14.28361,-170.60696,"ICRA",12,3,4,"ICRA3","wild","1-green",39,0.146,420
"58","ESA","TUT",20260214,1,-14.28361,-170.60696,"ICRA",12,3,4,"ICRA3","wild","4-yellow",29,0.589,420
"59","ESA","TUT",20260214,1,-14.28361,-170.60696,"ICRA",12,3,4,"ICRA3","wild","6-brown",38,0.546,420
"60","ESA","TUT",20260214,1,-14.28361,-170.60696,"ICRA",12,3,4,"ICRA3","wild","7-grey",36,0.635,420
"61","ESA","TUT",20260214,1,-14.28361,-170.60696,"ICRA",29,4,5,"ICRA4","wild","1-green",39,0.033,420
"62","ESA","TUT",20260214,1,-14.28361,-170.60696,"ICRA",29,4,5,"ICRA4","wild","4-yellow",29,0.565,420
"63","ESA","TUT",20260214,1,-14.28361,-170.60696,"ICRA",29,4,5,"ICRA4","wild","6-brown",38,0.435,420
"64","ESA","TUT",20260214,1,-14.28361,-170.60696,"ICRA",29,4,5,"ICRA4","wild","7-grey",36,0.532,420
"65","ESA","TUT",20260214,1,-14.28361,-170.60696,"ICRA",11,5,6,"ICRA5","wild","1-green",39,0.146,420
"66","ESA","TUT",20260214,1,-14.28361,-170.60696,"ICRA",11,5,6,"ICRA5","wild","4-yellow",29,0.637,420
"67","ESA","TUT",20260214,1,-14.28361,-170.60696,"ICRA",11,5,6,"ICRA5","wild","6-brown",38,0.544,420
"68","ESA","TUT",20260214,1,-14.28361,-170.60696,"ICRA",11,5,6,"ICRA5","wild","7-grey",36,0.605,420
"69","ESA","TUT",20260214,1,-14.28361,-170.60696,"ICRA",13,6,7,"ICRA6","wild","1-green",39,0.031,420
"70","ESA","TUT",20260214,1,-14.28361,-170.60696,"ICRA",13,6,7,"ICRA6","wild","4-yellow",29,0.569,420
"71","ESA","TUT",20260214,1,-14.28361,-170.60696,"ICRA",13,6,7,"ICRA6","wild","6-brown",38,0.47,420
"72","ESA","TUT",20260214,1,-14.28361,-170.60696,"ICRA",13,6,7,"ICRA6","wild","7-grey",36,0.587,420
"73","ESA","TUT",20260214,1,-14.28361,-170.60696,"ICRA",27,7,8,"ICRA7","wild","1-green",39,0.008,420
"74","ESA","TUT",20260214,1,-14.28361,-170.60696,"ICRA",27,7,8,"ICRA7","wild","4-yellow",29,0.588,420
"75","ESA","TUT",20260214,1,-14.28361,-170.60696,"ICRA",27,7,8,"ICRA7","wild","6-brown",38,0.342,420
"76","ESA","TUT",20260214,1,-14.28361,-170.60696,"ICRA",27,7,8,"ICRA7","wild","7-grey",36,0.568,420
"77","ESA","TUT",20260214,1,-14.28361,-170.60696,"ICRA",25,8,9,"ICRA8","wild","1-green",39,0.083,420
"78","ESA","TUT",20260214,1,-14.28361,-170.60696,"ICRA",25,8,9,"ICRA8","wild","4-yellow",29,0.606,420
"79","ESA","TUT",20260214,1,-14.28361,-170.60696,"ICRA",25,8,9,"ICRA8","wild","6-brown",38,0.425,420
"80","ESA","TUT",20260214,1,-14.28361,-170.60696,"ICRA",25,8,9,"ICRA8","wild","7-grey",36,0.57,420
"81","ESA","TUT",2192026,3,-14.3292,-170.83196,"AGLO",15,1,1,"AGLO1","wild","2-blue",38,0.283,420
"82","ESA","TUT",2192026,3,-14.3292,-170.83196,"AGLO",14,2,2,"AGLO2","wild","2-blue",38,0.292,420
"83","ESA","TUT",2192026,3,-14.3292,-170.83196,"AGLO",38,3,3,"AGLO3","wild","2-blue",38,0.353,420
"84","ESA","TUT",2192026,3,-14.3292,-170.83196,"AGLO",40,4,4,"AGLO4","wild","2-blue",38,0.358,420
"85","ESA","TUT",2192026,3,-14.3292,-170.83196,"AGLO",36,5,5,"AGLO5","wild","2-blue",38,0.434,420
"86","ESA","TUT",2192026,3,-14.3292,-170.83196,"AGLO",16,6,6,"AGLO6","wild","2-blue",38,0.201,420
"87","ESA","TUT",2192026,3,-14.3292,-170.83196,"AGLO",12,7,7,"AGLO7","wild","2-blue",38,0.333,420
"88","ESA","TUT",2192026,3,-14.3292,-170.83196,"AGLO",39,8,8,"AGLO8","wild","2-blue",38,0.264,420
"89","ESA","TUT",2192026,3,-14.3292,-170.83196,"ICRA",33,1,9,"ICRA1","wild","2-blue",38,0.314,420
"90","ESA","TUT",2192026,3,-14.3292,-170.83196,"ICRA",61,2,10,"ICRA2","wild","2-blue",38,0.267,420
"91","ESA","TUT",2192026,3,-14.3292,-170.83196,"ICRA",35,3,11,"ICRA3","wild","2-blue",38,0.322,420
"92","ESA","TUT",2192026,3,-14.3292,-170.83196,"ICRA",34,4,12,"ICRA4","wild","2-blue",38,0.383,420
"93","ESA","TUT",2192026,3,-14.3292,-170.83196,"ICRA",63,5,13,"ICRA5","wild","2-blue",38,0.355,420
"94","ESA","TUT",2192026,3,-14.3292,-170.83196,"ICRA",64,6,14,"ICRA6","wild","2-blue",38,0.34,420
"95","ESA","TUT",2192026,3,-14.3292,-170.83196,"ICRA",62,7,15,"ICRA7","wild","2-blue",38,0.278,420
"96","ESA","TUT",2192026,3,-14.3292,-170.83196,"ICRA",66,8,16,"ICRA8","wild","2-blue",38,0.38,420
"97","ESA","TUT",2192026,3,-14.3292,-170.83196,"AHYA",32,1,17,"AHYA1","wild","2-blue",38,0.41,420
"98","ESA","TUT",2192026,3,-14.3292,-170.83196,"AHYA",29,2,18,"AHYA2","wild","2-blue",38,0.329,420
"99","ESA","TUT",2192026,3,-14.3292,-170.83196,"AABR",26,1,19,"AABR1","wild","2-blue",38,0.256,420
"100","ESA","TUT",2192026,3,-14.3292,-170.83196,"AABR",27,2,20,"AABR2","wild","2-blue",38,0.178,420
"101","ESA","TUT",2192026,3,-14.3292,-170.83196,"AGLO",15,1,1,"AGLO1","wild","6-brown",39,0.075,420
"102","ESA","TUT",2192026,3,-14.3292,-170.83196,"AGLO",14,2,2,"AGLO2","wild","6-brown",39,0.13,420
"103","ESA","TUT",2192026,3,-14.3292,-170.83196,"AGLO",38,3,3,"AGLO3","wild","6-brown",39,0.125,420
"104","ESA","TUT",2192026,3,-14.3292,-170.83196,"AGLO",40,4,4,"AGLO4","wild","6-brown",39,0.147,420
"105","ESA","TUT",2192026,3,-14.3292,-170.83196,"AGLO",36,5,5,"AGLO5","wild","6-brown",39,0.182,420
"106","ESA","TUT",2192026,3,-14.3292,-170.83196,"AGLO",16,6,6,"AGLO6","wild","6-brown",39,0.107,420
"107","ESA","TUT",2192026,3,-14.3292,-170.83196,"AGLO",12,7,7,"AGLO7","wild","6-brown",39,0.075,420
"108","ESA","TUT",2192026,3,-14.3292,-170.83196,"AGLO",39,8,8,"AGLO8","wild","6-brown",39,0.162,420
"109","ESA","TUT",2192026,3,-14.3292,-170.83196,"ICRA",33,1,9,"ICRA1","wild","6-brown",39,0.186,420
"110","ESA","TUT",2192026,3,-14.3292,-170.83196,"ICRA",61,2,10,"ICRA2","wild","6-brown",39,0.146,420
"111","ESA","TUT",2192026,3,-14.3292,-170.83196,"ICRA",35,3,11,"ICRA3","wild","6-brown",39,0.095,420
"112","ESA","TUT",2192026,3,-14.3292,-170.83196,"ICRA",34,4,12,"ICRA4","wild","6-brown",39,0.203,420
"113","ESA","TUT",2192026,3,-14.3292,-170.83196,"ICRA",63,5,13,"ICRA5","wild","6-brown",39,0.15,420
"114","ESA","TUT",2192026,3,-14.3292,-170.83196,"ICRA",64,6,14,"ICRA6","wild","6-brown",39,0.033,420
"115","ESA","TUT",2192026,3,-14.3292,-170.83196,"ICRA",62,7,15,"ICRA7","wild","6-brown",39,0.102,420
"116","ESA","TUT",2192026,3,-14.3292,-170.83196,"ICRA",66,8,16,"ICRA8","wild","6-brown",39,0.218,420
"117","ESA","TUT",2192026,3,-14.3292,-170.83196,"AHYA",32,1,17,"AHYA1","wild","6-brown",39,0.144,420
"118","ESA","TUT",2192026,3,-14.3292,-170.83196,"AHYA",29,2,18,"AHYA2","wild","6-brown",39,0.139,420
"119","ESA","TUT",2192026,3,-14.3292,-170.83196,"AABR",26,1,19,"AABR1","wild","6-brown",39,0.089,420
"120","ESA","TUT",2192026,3,-14.3292,-170.83196,"AABR",27,2,20,"AABR2","wild","6-brown",39,0.074,420
"121","ESA","TUT",2192026,3,-14.3292,-170.83196,"AGLO",15,1,1,"AGLO1","wild","7-grey",29,0.659,420
"122","ESA","TUT",2192026,3,-14.3292,-170.83196,"AGLO",14,2,2,"AGLO2","wild","7-grey",29,0.69,420
"123","ESA","TUT",2192026,3,-14.3292,-170.83196,"AGLO",38,3,3,"AGLO3","wild","7-grey",29,0.657,420
"124","ESA","TUT",2192026,3,-14.3292,-170.83196,"AGLO",40,4,4,"AGLO4","wild","7-grey",29,0.642,420
"125","ESA","TUT",2192026,3,-14.3292,-170.83196,"AGLO",36,5,5,"AGLO5","wild","7-grey",29,0.647,420
"126","ESA","TUT",2192026,3,-14.3292,-170.83196,"AGLO",16,6,6,"AGLO6","wild","7-grey",29,0.663,420
"127","ESA","TUT",2192026,3,-14.3292,-170.83196,"AGLO",12,7,7,"AGLO7","wild","7-grey",29,0.653,420
"128","ESA","TUT",2192026,3,-14.3292,-170.83196,"AGLO",39,8,8,"AGLO8","wild","7-grey",29,0.659,420
"129","ESA","TUT",2192026,3,-14.3292,-170.83196,"ICRA",33,1,9,"ICRA1","wild","7-grey",29,0.612,420
"130","ESA","TUT",2192026,3,-14.3292,-170.83196,"ICRA",61,2,10,"ICRA2","wild","7-grey",29,0.607,420
"131","ESA","TUT",2192026,3,-14.3292,-170.83196,"ICRA",35,3,11,"ICRA3","wild","7-grey",29,0.615,420
"132","ESA","TUT",2192026,3,-14.3292,-170.83196,"ICRA",34,4,12,"ICRA4","wild","7-grey",29,0.611,420
"133","ESA","TUT",2192026,3,-14.3292,-170.83196,"ICRA",63,5,13,"ICRA5","wild","7-grey",29,0.622,420
"134","ESA","TUT",2192026,3,-14.3292,-170.83196,"ICRA",64,6,14,"ICRA6","wild","7-grey",29,0.627,420
"135","ESA","TUT",2192026,3,-14.3292,-170.83196,"ICRA",62,7,15,"ICRA7","wild","7-grey",29,0.62,420
"136","ESA","TUT",2192026,3,-14.3292,-170.83196,"ICRA",66,8,16,"ICRA8","wild","7-grey",29,0.619,420
"137","ESA","TUT",2192026,3,-14.3292,-170.83196,"AHYA",32,1,17,"AHYA1","wild","7-grey",29,0.644,420
"138","ESA","TUT",2192026,3,-14.3292,-170.83196,"AHYA",29,2,18,"AHYA2","wild","7-grey",29,0.649,420
"139","ESA","TUT",2192026,3,-14.3292,-170.83196,"AABR",26,1,19,"AABR1","wild","7-grey",29,0.656,420
"140","ESA","TUT",2192026,3,-14.3292,-170.83196,"AABR",27,2,20,"AABR2","wild","7-grey",29,0.644,420
"141","ESA","TUT",2192026,3,-14.3292,-170.83196,"AGLO",15,1,1,"AGLO1","wild","8-purple",36,0.619,420
"142","ESA","TUT",2192026,3,-14.3292,-170.83196,"AGLO",14,2,2,"AGLO2","wild","8-purple",36,0.604,420
"143","ESA","TUT",2192026,3,-14.3292,-170.83196,"AGLO",38,3,3,"AGLO3","wild","8-purple",36,0.592,420
"144","ESA","TUT",2192026,3,-14.3292,-170.83196,"AGLO",40,4,4,"AGLO4","wild","8-purple",36,0.595,420
"145","ESA","TUT",2192026,3,-14.3292,-170.83196,"AGLO",36,5,5,"AGLO5","wild","8-purple",36,0.587,420
"146","ESA","TUT",2192026,3,-14.3292,-170.83196,"AGLO",16,6,6,"AGLO6","wild","8-purple",36,0.538,420
"147","ESA","TUT",2192026,3,-14.3292,-170.83196,"AGLO",12,7,7,"AGLO7","wild","8-purple",36,0.597,420
"148","ESA","TUT",2192026,3,-14.3292,-170.83196,"AGLO",39,8,8,"AGLO8","wild","8-purple",36,0.62,420
"149","ESA","TUT",2192026,3,-14.3292,-170.83196,"ICRA",33,1,9,"ICRA1","wild","8-purple",36,0.535,420
"150","ESA","TUT",2192026,3,-14.3292,-170.83196,"ICRA",61,2,10,"ICRA2","wild","8-purple",36,0.524,420
"151","ESA","TUT",2192026,3,-14.3292,-170.83196,"ICRA",35,3,11,"ICRA3","wild","8-purple",36,0.558,420
"152","ESA","TUT",2192026,3,-14.3292,-170.83196,"ICRA",34,4,12,"ICRA4","wild","8-purple",36,0.579,420
"153","ESA","TUT",2192026,3,-14.3292,-170.83196,"ICRA",63,5,13,"ICRA5","wild","8-purple",36,0.558,420
"154","ESA","TUT",2192026,3,-14.3292,-170.83196,"ICRA",64,6,14,"ICRA6","wild","8-purple",36,0.536,420
"155","ESA","TUT",2192026,3,-14.3292,-170.83196,"ICRA",62,7,15,"ICRA7","wild","8-purple",36,0.541,420
"156","ESA","TUT",2192026,3,-14.3292,-170.83196,"ICRA",66,8,16,"ICRA8","wild","8-purple",36,0.577,420
"157","ESA","TUT",2192026,3,-14.3292,-170.83196,"AHYA",32,1,17,"AHYA1","wild","8-purple",36,0.644,420
"158","ESA","TUT",2192026,3,-14.3292,-170.83196,"AHYA",29,2,18,"AHYA2","wild","8-purple",36,0.647,420
"159","ESA","TUT",2192026,3,-14.3292,-170.83196,"AABR",26,1,19,"AABR1","wild","8-purple",36,0.573,420
"160","ESA","TUT",2192026,3,-14.3292,-170.83196,"AABR",27,2,20,"AABR2","wild","8-purple",36,0.587,420
"161","ESA","TUT",22020206,4,-14.36102,-170.78142,"AHYA",16,1,1,"AHYA1","wild","2-blue",39,0.149,420
"162","ESA","TUT",22020206,4,-14.36102,-170.78142,"AHYA",10,2,2,"AHYA2","wild","2-blue",39,0.119,420
"163","ESA","TUT",22020206,4,-14.36102,-170.78142,"AABR",6,1,3,"AABR1","wild","2-blue",39,0.039,420
"164","ESA","TUT",22020206,4,-14.36102,-170.78142,"AABR",7,2,4,"AABR2","wild","2-blue",39,0.101,420
"165","ESA","TUT",22020206,4,-14.36102,-170.78142,"AGLO",25,1,5,"AGLO1","wild","2-blue",39,0.008,420
"166","ESA","TUT",22020206,4,-14.36102,-170.78142,"AGLO",27,2,6,"AGLO2","wild","2-blue",39,0.093,420
"167","ESA","TUT",22020206,4,-14.36102,-170.78142,"AGLO",22,3,7,"AGLO3","wild","2-blue",39,0.042,420
"168","ESA","TUT",22020206,4,-14.36102,-170.78142,"AGLO",26,4,8,"AGLO4","wild","2-blue",39,0.073,420
"169","ESA","TUT",22020206,4,-14.36102,-170.78142,"AGLO",34,5,9,"AGLO5","wild","2-blue",39,0.157,420
"170","ESA","TUT",22020206,4,-14.36102,-170.78142,"AGLO",24,6,10,"AGLO6","wild","2-blue",39,0.038,420
"171","ESA","TUT",22020206,4,-14.36102,-170.78142,"AGLO",21,7,11,"AGLO7","wild","2-blue",39,0.094,420
"172","ESA","TUT",22020206,4,-14.36102,-170.78142,"AGLO",35,8,12,"AGLO8","wild","2-blue",39,0.044,420
"173","ESA","TUT",22020206,4,-14.36102,-170.78142,"ICRA",64,1,13,"ICRA1","wild","2-blue",39,0.191,420
"174","ESA","TUT",22020206,4,-14.36102,-170.78142,"ICRA",41,2,14,"ICRA2","wild","2-blue",39,0.132,420
"175","ESA","TUT",22020206,4,-14.36102,-170.78142,"ICRA",42,3,15,"ICRA3","wild","2-blue",39,0.108,420
"176","ESA","TUT",22020206,4,-14.36102,-170.78142,"ICRA",61,4,16,"ICRA4","wild","2-blue",39,0.136,420
"177","ESA","TUT",22020206,4,-14.36102,-170.78142,"ICRA",62,5,17,"ICRA5","wild","2-blue",39,0.222,420
"178","ESA","TUT",22020206,4,-14.36102,-170.78142,"ICRA",43,6,18,"ICRA6","wild","2-blue",39,0.051,420
"179","ESA","TUT",22020206,4,-14.36102,-170.78142,"ICRA",63,7,19,"ICRA7","wild","2-blue",39,0.145,420
"180","ESA","TUT",22020206,4,-14.36102,-170.78142,"ICRA",44,8,20,"ICRA8","wild","2-blue",39,0.168,420
"181","ESA","TUT",22020206,4,-14.36102,-170.78142,"AHYA",16,1,1,"AHYA1","wild","6-brown",36,0.631,420
"182","ESA","TUT",22020206,4,-14.36102,-170.78142,"AHYA",10,2,2,"AHYA2","wild","6-brown",36,0.612,420
"183","ESA","TUT",22020206,4,-14.36102,-170.78142,"AABR",6,1,3,"AABR1","wild","6-brown",36,0.594,420
"184","ESA","TUT",22020206,4,-14.36102,-170.78142,"AABR",7,2,4,"AABR2","wild","6-brown",36,0.538,420
"185","ESA","TUT",22020206,4,-14.36102,-170.78142,"AGLO",25,1,5,"AGLO1","wild","6-brown",36,0.565,420
"186","ESA","TUT",22020206,4,-14.36102,-170.78142,"AGLO",27,2,6,"AGLO2","wild","6-brown",36,0.558,420
"187","ESA","TUT",22020206,4,-14.36102,-170.78142,"AGLO",22,3,7,"AGLO3","wild","6-brown",36,0.575,420
"188","ESA","TUT",22020206,4,-14.36102,-170.78142,"AGLO",26,4,8,"AGLO4","wild","6-brown",36,0.603,420
"189","ESA","TUT",22020206,4,-14.36102,-170.78142,"AGLO",34,5,9,"AGLO5","wild","6-brown",36,0.608,420
"190","ESA","TUT",22020206,4,-14.36102,-170.78142,"AGLO",24,6,10,"AGLO6","wild","6-brown",36,0.576,420
"191","ESA","TUT",22020206,4,-14.36102,-170.78142,"AGLO",21,7,11,"AGLO7","wild","6-brown",36,0.559,420
"192","ESA","TUT",22020206,4,-14.36102,-170.78142,"AGLO",35,8,12,"AGLO8","wild","6-brown",36,0.635,420
"193","ESA","TUT",22020206,4,-14.36102,-170.78142,"ICRA",64,1,13,"ICRA1","wild","6-brown",36,0.554,420
"194","ESA","TUT",22020206,4,-14.36102,-170.78142,"ICRA",41,2,14,"ICRA2","wild","6-brown",36,0.571,420
"195","ESA","TUT",22020206,4,-14.36102,-170.78142,"ICRA",42,3,15,"ICRA3","wild","6-brown",36,0.558,420
"196","ESA","TUT",22020206,4,-14.36102,-170.78142,"ICRA",61,4,16,"ICRA4","wild","6-brown",36,0.552,420
"197","ESA","TUT",22020206,4,-14.36102,-170.78142,"ICRA",62,5,17,"ICRA5","wild","6-brown",36,0.587,420
"198","ESA","TUT",22020206,4,-14.36102,-170.78142,"ICRA",43,6,18,"ICRA6","wild","6-brown",36,0.577,420
"199","ESA","TUT",22020206,4,-14.36102,-170.78142,"ICRA",63,7,19,"ICRA7","wild","6-brown",36,0.584,420
"200","ESA","TUT",22020206,4,-14.36102,-170.78142,"ICRA",44,8,20,"ICRA8","wild","6-brown",36,0.583,420
"201","ESA","TUT",22020206,4,-14.36102,-170.78142,"AHYA",16,1,1,"AHYA1","wild","7-grey",38,0.385,420
"202","ESA","TUT",22020206,4,-14.36102,-170.78142,"AHYA",10,2,2,"AHYA2","wild","7-grey",38,0.53,420
"203","ESA","TUT",22020206,4,-14.36102,-170.78142,"AABR",6,1,3,"AABR1","wild","7-grey",38,0.401,420
"204","ESA","TUT",22020206,4,-14.36102,-170.78142,"AABR",7,2,4,"AABR2","wild","7-grey",38,0.42,420
"205","ESA","TUT",22020206,4,-14.36102,-170.78142,"AGLO",25,1,5,"AGLO1","wild","7-grey",38,0.338,420
"206","ESA","TUT",22020206,4,-14.36102,-170.78142,"AGLO",27,2,6,"AGLO2","wild","7-grey",38,0.474,420
"207","ESA","TUT",22020206,4,-14.36102,-170.78142,"AGLO",22,3,7,"AGLO3","wild","7-grey",38,0.515,420
"208","ESA","TUT",22020206,4,-14.36102,-170.78142,"AGLO",26,4,8,"AGLO4","wild","7-grey",38,0.545,420
"209","ESA","TUT",22020206,4,-14.36102,-170.78142,"AGLO",34,5,9,"AGLO5","wild","7-grey",38,0.502,420
"210","ESA","TUT",22020206,4,-14.36102,-170.78142,"AGLO",24,6,10,"AGLO6","wild","7-grey",38,0.552,420
"211","ESA","TUT",22020206,4,-14.36102,-170.78142,"AGLO",21,7,11,"AGLO7","wild","7-grey",38,0.401,420
"212","ESA","TUT",22020206,4,-14.36102,-170.78142,"AGLO",35,8,12,"AGLO8","wild","7-grey",38,0.531,420
"213","ESA","TUT",22020206,4,-14.36102,-170.78142,"ICRA",64,1,13,"ICRA1","wild","7-grey",38,0.447,420
"214","ESA","TUT",22020206,4,-14.36102,-170.78142,"ICRA",41,2,14,"ICRA2","wild","7-grey",38,0.444,420
"215","ESA","TUT",22020206,4,-14.36102,-170.78142,"ICRA",42,3,15,"ICRA3","wild","7-grey",38,0.482,420
"216","ESA","TUT",22020206,4,-14.36102,-170.78142,"ICRA",61,4,16,"ICRA4","wild","7-grey",38,0.448,420
"217","ESA","TUT",22020206,4,-14.36102,-170.78142,"ICRA",62,5,17,"ICRA5","wild","7-grey",38,0.488,420
"218","ESA","TUT",22020206,4,-14.36102,-170.78142,"ICRA",43,6,18,"ICRA6","wild","7-grey",38,0.484,420
"219","ESA","TUT",22020206,4,-14.36102,-170.78142,"ICRA",63,7,19,"ICRA7","wild","7-grey",38,0.508,420
"220","ESA","TUT",22020206,4,-14.36102,-170.78142,"ICRA",44,8,20,"ICRA8","wild","7-grey",38,0.543,420
"221","ESA","TUT",22020206,4,-14.36102,-170.78142,"AHYA",16,1,1,"AHYA1","wild","8-purple",29,0.626,420
"222","ESA","TUT",22020206,4,-14.36102,-170.78142,"AHYA",10,2,2,"AHYA2","wild","8-purple",29,0.589,420
"223","ESA","TUT",22020206,4,-14.36102,-170.78142,"AABR",6,1,3,"AABR1","wild","8-purple",29,0.626,420
"224","ESA","TUT",22020206,4,-14.36102,-170.78142,"AABR",7,2,4,"AABR2","wild","8-purple",29,0.605,420
"225","ESA","TUT",22020206,4,-14.36102,-170.78142,"AGLO",25,1,5,"AGLO1","wild","8-purple",29,0.644,420
"226","ESA","TUT",22020206,4,-14.36102,-170.78142,"AGLO",27,2,6,"AGLO2","wild","8-purple",29,0.621,420
"227","ESA","TUT",22020206,4,-14.36102,-170.78142,"AGLO",22,3,7,"AGLO3","wild","8-purple",29,0.637,420
"228","ESA","TUT",22020206,4,-14.36102,-170.78142,"AGLO",26,4,8,"AGLO4","wild","8-purple",29,0.637,420
"229","ESA","TUT",22020206,4,-14.36102,-170.78142,"AGLO",34,5,9,"AGLO5","wild","8-purple",29,0.647,420
"230","ESA","TUT",22020206,4,-14.36102,-170.78142,"AGLO",24,6,10,"AGLO6","wild","8-purple",29,0.638,420
"231","ESA","TUT",22020206,4,-14.36102,-170.78142,"AGLO",21,7,11,"AGLO7","wild","8-purple",29,0.649,420
"232","ESA","TUT",22020206,4,-14.36102,-170.78142,"AGLO",35,8,12,"AGLO8","wild","8-purple",29,0.637,420
"233","ESA","TUT",22020206,4,-14.36102,-170.78142,"ICRA",64,1,13,"ICRA1","wild","8-purple",29,0.627,420
"234","ESA","TUT",22020206,4,-14.36102,-170.78142,"ICRA",41,2,14,"ICRA2","wild","8-purple",29,0.609,420
"235","ESA","TUT",22020206,4,-14.36102,-170.78142,"ICRA",42,3,15,"ICRA3","wild","8-purple",29,0.598,420
"236","ESA","TUT",22020206,4,-14.36102,-170.78142,"ICRA",61,4,16,"ICRA4","wild","8-purple",29,0.6,420
"237","ESA","TUT",22020206,4,-14.36102,-170.78142,"ICRA",62,5,17,"ICRA5","wild","8-purple",29,0.602,420
"238","ESA","TUT",22020206,4,-14.36102,-170.78142,"ICRA",43,6,18,"ICRA6","wild","8-purple",29,0.633,420
"239","ESA","TUT",22020206,4,-14.36102,-170.78142,"ICRA",63,7,19,"ICRA7","wild","8-purple",29,0.607,420
"240","ESA","TUT",22020206,4,-14.36102,-170.78142,"ICRA",44,8,20,"ICRA8","wild","8-purple",29,0.608,420
"241","ESA","TUT",2232026,5,-14.3381,-170.79341,"AHYA",26,1,1,"AHYA1","wild","2-blue",38,0.274,420
"242","ESA","TUT",2232026,5,-14.3381,-170.79341,"AHYA",35,2,2,"AHYA2","wild","2-blue",38,0.295,420
"243","ESA","TUT",2232026,5,-14.3381,-170.79341,"AABR",34,1,3,"AABR1","wild","2-blue",38,0.145,420
"244","ESA","TUT",2232026,5,-14.3381,-170.79341,"AABR",33,2,4,"AABR2","wild","2-blue",38,0.05,420
"245","ESA","TUT",2232026,5,-14.3381,-170.79341,"ICRA",23,1,5,"ICRA1","wild","2-blue",38,0.353,420
"246","ESA","TUT",2232026,5,-14.3381,-170.79341,"ICRA",16,2,6,"ICRA2","wild","2-blue",38,0.236,420
"247","ESA","TUT",2232026,5,-14.3381,-170.79341,"ICRA",24,3,7,"ICRA3","wild","2-blue",38,0.385,420
"248","ESA","TUT",2232026,5,-14.3381,-170.79341,"ICRA",22,4,8,"ICRA4","wild","2-blue",38,0.291,420
"249","ESA","TUT",2232026,5,-14.3381,-170.79341,"ICRA",18,5,9,"ICRA5","wild","2-blue",38,0.312,420
"250","ESA","TUT",2232026,5,-14.3381,-170.79341,"ICRA",19,6,10,"ICRA6","wild","2-blue",38,0.256,420
"251","ESA","TUT",2232026,5,-14.3381,-170.79341,"ICRA",21,7,11,"ICRA7","wild","2-blue",38,0.351,420
"252","ESA","TUT",2232026,5,-14.3381,-170.79341,"ICRA",38,8,12,"ICRA8","wild","2-blue",38,0.219,420
"253","ESA","TUT",2232026,5,-14.3381,-170.79341,"ICRA",41,9,13,"ICRA9","wild","2-blue",38,0.313,420
"254","ESA","TUT",2232026,5,-14.3381,-170.79341,"ICRA",44,10,14,"ICRA10","wild","2-blue",38,0.3,420
"255","ESA","TUT",2232026,5,-14.3381,-170.79341,"ICRA",17,11,15,"ICRA11","wild","2-blue",38,0.187,420
"256","ESA","TUT",2232026,5,-14.3381,-170.79341,"ICRA",36,12,16,"ICRA12","wild","2-blue",38,0.233,420
"257","ESA","TUT",2232026,5,-14.3381,-170.79341,"ICRA",37,13,17,"ICRA13","wild","2-blue",38,0.416,420
"258","ESA","TUT",2232026,5,-14.3381,-170.79341,"ICRA",42,14,18,"ICRA14","wild","2-blue",38,0.429,420
"259","ESA","TUT",2232026,5,-14.3381,-170.79341,"ICRA",43,15,19,"ICRA15","wild","2-blue",38,0.333,420
"260","ESA","TUT",2232026,5,-14.3381,-170.79341,"ICRA",39,16,20,"ICRA16","wild","2-blue",38,0.323,420
"261","ESA","TUT",2232026,5,-14.3381,-170.79341,"AHYA",26,1,1,"AHYA1","wild","4-yellow",39,0.052,420
"262","ESA","TUT",2232026,5,-14.3381,-170.79341,"AHYA",35,2,2,"AHYA2","wild","4-yellow",39,0.11,420
"263","ESA","TUT",2232026,5,-14.3381,-170.79341,"AABR",34,1,3,"AABR1","wild","4-yellow",39,0.024,420
"264","ESA","TUT",2232026,5,-14.3381,-170.79341,"AABR",33,2,4,"AABR2","wild","4-yellow",39,0.048,420
"265","ESA","TUT",2232026,5,-14.3381,-170.79341,"ICRA",23,1,5,"ICRA1","wild","4-yellow",39,0.223,420
"266","ESA","TUT",2232026,5,-14.3381,-170.79341,"ICRA",16,2,6,"ICRA2","wild","4-yellow",39,0.097,420
"267","ESA","TUT",2232026,5,-14.3381,-170.79341,"ICRA",24,3,7,"ICRA3","wild","4-yellow",39,0.152,420
"268","ESA","TUT",2232026,5,-14.3381,-170.79341,"ICRA",22,4,8,"ICRA4","wild","4-yellow",39,0.135,420
"269","ESA","TUT",2232026,5,-14.3381,-170.79341,"ICRA",18,5,9,"ICRA5","wild","4-yellow",39,0.183,420
"270","ESA","TUT",2232026,5,-14.3381,-170.79341,"ICRA",19,6,10,"ICRA6","wild","4-yellow",39,0.085,420
"271","ESA","TUT",2232026,5,-14.3381,-170.79341,"ICRA",21,7,11,"ICRA7","wild","4-yellow",39,0.151,420
"272","ESA","TUT",2232026,5,-14.3381,-170.79341,"ICRA",38,8,12,"ICRA8","wild","4-yellow",39,0.023,420
"273","ESA","TUT",2232026,5,-14.3381,-170.79341,"ICRA",41,9,13,"ICRA9","wild","4-yellow",39,0.14,420
"274","ESA","TUT",2232026,5,-14.3381,-170.79341,"ICRA",44,10,14,"ICRA10","wild","4-yellow",39,0.137,420
"275","ESA","TUT",2232026,5,-14.3381,-170.79341,"ICRA",17,11,15,"ICRA11","wild","4-yellow",39,0.03,420
"276","ESA","TUT",2232026,5,-14.3381,-170.79341,"ICRA",36,12,16,"ICRA12","wild","4-yellow",39,0.101,420
"277","ESA","TUT",2232026,5,-14.3381,-170.79341,"ICRA",37,13,17,"ICRA13","wild","4-yellow",39,0.268,420
"278","ESA","TUT",2232026,5,-14.3381,-170.79341,"ICRA",42,14,18,"ICRA14","wild","4-yellow",39,0.228,420
"279","ESA","TUT",2232026,5,-14.3381,-170.79341,"ICRA",43,15,19,"ICRA15","wild","4-yellow",39,0.121,420
"280","ESA","TUT",2232026,5,-14.3381,-170.79341,"ICRA",39,16,20,"ICRA16","wild","4-yellow",39,0.157,420
"281","ESA","TUT",2232026,5,-14.3381,-170.79341,"AHYA",26,1,1,"AHYA1","wild","5-orange",36,0.555,420
"282","ESA","TUT",2232026,5,-14.3381,-170.79341,"AHYA",35,2,2,"AHYA2","wild","5-orange",36,0.561,420
"283","ESA","TUT",2232026,5,-14.3381,-170.79341,"AABR",34,1,3,"AABR1","wild","5-orange",36,0.567,420
"284","ESA","TUT",2232026,5,-14.3381,-170.79341,"AABR",33,2,4,"AABR2","wild","5-orange",36,0.469,420
"285","ESA","TUT",2232026,5,-14.3381,-170.79341,"ICRA",23,1,5,"ICRA1","wild","5-orange",36,0.501,420
"286","ESA","TUT",2232026,5,-14.3381,-170.79341,"ICRA",16,2,6,"ICRA2","wild","5-orange",36,0.478,420
"287","ESA","TUT",2232026,5,-14.3381,-170.79341,"ICRA",24,3,7,"ICRA3","wild","5-orange",36,0.546,420
"288","ESA","TUT",2232026,5,-14.3381,-170.79341,"ICRA",22,4,8,"ICRA4","wild","5-orange",36,0.564,420
"289","ESA","TUT",2232026,5,-14.3381,-170.79341,"ICRA",18,5,9,"ICRA5","wild","5-orange",36,0.481,420
"290","ESA","TUT",2232026,5,-14.3381,-170.79341,"ICRA",19,6,10,"ICRA6","wild","5-orange",36,0.492,420
"291","ESA","TUT",2232026,5,-14.3381,-170.79341,"ICRA",21,7,11,"ICRA7","wild","5-orange",36,0.503,420
"292","ESA","TUT",2232026,5,-14.3381,-170.79341,"ICRA",38,8,12,"ICRA8","wild","5-orange",36,0.57,420
"293","ESA","TUT",2232026,5,-14.3381,-170.79341,"ICRA",41,9,13,"ICRA9","wild","5-orange",36,0.528,420
"294","ESA","TUT",2232026,5,-14.3381,-170.79341,"ICRA",44,10,14,"ICRA10","wild","5-orange",36,0.536,420
"295","ESA","TUT",2232026,5,-14.3381,-170.79341,"ICRA",17,11,15,"ICRA11","wild","5-orange",36,0.493,420
"296","ESA","TUT",2232026,5,-14.3381,-170.79341,"ICRA",36,12,16,"ICRA12","wild","5-orange",36,0.575,420
"297","ESA","TUT",2232026,5,-14.3381,-170.79341,"ICRA",37,13,17,"ICRA13","wild","5-orange",36,0.588,420
"298","ESA","TUT",2232026,5,-14.3381,-170.79341,"ICRA",42,14,18,"ICRA14","wild","5-orange",36,0.574,420
"299","ESA","TUT",2232026,5,-14.3381,-170.79341,"ICRA",43,15,19,"ICRA15","wild","5-orange",36,0.586,420
"300","ESA","TUT",2232026,5,-14.3381,-170.79341,"ICRA",39,16,20,"ICRA16","wild","5-orange",36,0.636,420
"301","ESA","TUT",2232026,5,-14.3381,-170.79341,"AHYA",26,1,1,"AHYA1","wild","6-brown",29,0.63,420
"302","ESA","TUT",2232026,5,-14.3381,-170.79341,"AHYA",35,2,2,"AHYA2","wild","6-brown",29,0.641,420
"303","ESA","TUT",2232026,5,-14.3381,-170.79341,"AABR",34,1,3,"AABR1","wild","6-brown",29,0.638,420
"304","ESA","TUT",2232026,5,-14.3381,-170.79341,"AABR",33,2,4,"AABR2","wild","6-brown",29,0.632,420
"305","ESA","TUT",2232026,5,-14.3381,-170.79341,"ICRA",23,1,5,"ICRA1","wild","6-brown",29,0.575,420
"306","ESA","TUT",2232026,5,-14.3381,-170.79341,"ICRA",16,2,6,"ICRA2","wild","6-brown",29,0.615,420
"307","ESA","TUT",2232026,5,-14.3381,-170.79341,"ICRA",24,3,7,"ICRA3","wild","6-brown",29,0.61,420
"308","ESA","TUT",2232026,5,-14.3381,-170.79341,"ICRA",22,4,8,"ICRA4","wild","6-brown",29,0.598,420
"309","ESA","TUT",2232026,5,-14.3381,-170.79341,"ICRA",18,5,9,"ICRA5","wild","6-brown",29,0.617,420
"310","ESA","TUT",2232026,5,-14.3381,-170.79341,"ICRA",19,6,10,"ICRA6","wild","6-brown",29,0.568,420
"311","ESA","TUT",2232026,5,-14.3381,-170.79341,"ICRA",21,7,11,"ICRA7","wild","6-brown",29,0.612,420
"312","ESA","TUT",2232026,5,-14.3381,-170.79341,"ICRA",38,8,12,"ICRA8","wild","6-brown",29,0.62,420
"313","ESA","TUT",2232026,5,-14.3381,-170.79341,"ICRA",41,9,13,"ICRA9","wild","6-brown",29,0.618,420
"314","ESA","TUT",2232026,5,-14.3381,-170.79341,"ICRA",44,10,14,"ICRA10","wild","6-brown",29,0.597,420
"315","ESA","TUT",2232026,5,-14.3381,-170.79341,"ICRA",17,11,15,"ICRA11","wild","6-brown",29,0.606,420
"316","ESA","TUT",2232026,5,-14.3381,-170.79341,"ICRA",36,12,16,"ICRA12","wild","6-brown",29,0.597,420
"317","ESA","TUT",2232026,5,-14.3381,-170.79341,"ICRA",37,13,17,"ICRA13","wild","6-brown",29,0.632,420
"318","ESA","TUT",2232026,5,-14.3381,-170.79341,"ICRA",42,14,18,"ICRA14","wild","6-brown",29,0.61,420
"319","ESA","TUT",2232026,5,-14.3381,-170.79341,"ICRA",43,15,19,"ICRA15","wild","6-brown",29,0.632,420
"320","ESA","TUT",2232026,5,-14.3381,-170.79341,"ICRA",39,16,20,"ICRA16","wild","6-brown",29,0.61,420
"321","ESA","TUT",20260213,7,-14.24378,-170.66918,"AABR",26,1,1,"AABR1","wild","3-red",29,0.636,420
"322","ESA","TUT",20260213,7,-14.24378,-170.66918,"AABR",27,2,2,"AABR2","wild","3-red",29,0.644,420
"323","ESA","TUT",20260213,7,-14.24378,-170.66918,"AABR",28,3,3,"AABR3","wild","3-red",29,0.65,420
"324","ESA","TUT",20260213,7,-14.24378,-170.66918,"AABR",2,4,4,"AABR4","wild","3-red",29,0.657,420
"325","ESA","TUT",20260213,7,-14.24378,-170.66918,"AHYA",32,1,5,"AHYA1","wild","3-red",29,0.649,420
"326","ESA","TUT",20260213,7,-14.24378,-170.66918,"AABR",16,5,6,"AABR5","wild","3-red",29,0.638,420
"327","ESA","TUT",20260213,7,-14.24378,-170.66918,"AABR",1,6,7,"AABR6","wild","3-red",29,0.662,420
"328","ESA","TUT",20260213,7,-14.24378,-170.66918,"AGLO",33,1,8,"AGLO1","wild","3-red",29,0.65,420
"329","ESA","TUT",20260213,7,-14.24378,-170.66918,"AGLO",29,2,9,"AGLO2","wild","3-red",29,0.65,420
"330","ESA","TUT",20260213,7,-14.24378,-170.66918,"AGLO",22,3,10,"AGLO3","wild","3-red",29,0.64,420
"331","ESA","TUT",20260213,7,-14.24378,-170.66918,"AGLO",34,4,11,"AGLO4","wild","3-red",29,0.641,420
"332","ESA","TUT",20260213,7,-14.24378,-170.66918,"AGLO",35,5,12,"AGLO5","wild","3-red",29,0.665,420
"333","ESA","TUT",20260213,7,-14.24378,-170.66918,"AGLO",3,6,13,"AGLO6","wild","3-red",29,0.634,420
"334","ESA","TUT",20260213,7,-14.24378,-170.66918,"AGLO",31,7,14,"AGLO7","wild","3-red",29,0.672,420
"335","ESA","TUT",20260213,7,-14.24378,-170.66918,"AGLO",30,8,15,"AGLO8","wild","3-red",29,0.665,420
"336","ESA","TUT",20260213,7,-14.24378,-170.66918,"AGLO",21,9,16,"AGLO9","wild","3-red",29,0.638,420
"337","ESA","TUT",20260213,7,-14.24378,-170.66918,"AGLO",5,10,17,"AGLO10","wild","3-red",29,0.657,420
"338","ESA","TUT",20260213,7,-14.24378,-170.66918,"AGLO",23,11,18,"AGLO11","wild","3-red",29,0.654,420
"339","ESA","TUT",20260213,7,-14.24378,-170.66918,"AABR",26,1,1,"AABR1","wild","4-yellow",39,0.104,420
"340","ESA","TUT",20260213,7,-14.24378,-170.66918,"AABR",27,2,2,"AABR2","wild","4-yellow",39,0.105,420
"341","ESA","TUT",20260213,7,-14.24378,-170.66918,"AABR",28,3,3,"AABR3","wild","4-yellow",39,0.151,420
"342","ESA","TUT",20260213,7,-14.24378,-170.66918,"AABR",2,4,4,"AABR4","wild","4-yellow",39,0.13,420
"343","ESA","TUT",20260213,7,-14.24378,-170.66918,"AHYA",32,1,5,"AHYA1","wild","4-yellow",39,0.042,420
"344","ESA","TUT",20260213,7,-14.24378,-170.66918,"AABR",16,5,6,"AABR5","wild","4-yellow",39,0.058,420
"345","ESA","TUT",20260213,7,-14.24378,-170.66918,"AABR",1,6,7,"AABR6","wild","4-yellow",39,0.048,420
"346","ESA","TUT",20260213,7,-14.24378,-170.66918,"AGLO",33,1,8,"AGLO1","wild","4-yellow",39,0.063,420
"347","ESA","TUT",20260213,7,-14.24378,-170.66918,"AGLO",29,2,9,"AGLO2","wild","4-yellow",39,0.063,420
"348","ESA","TUT",20260213,7,-14.24378,-170.66918,"AGLO",22,3,10,"AGLO3","wild","4-yellow",39,0.106,420
"349","ESA","TUT",20260213,7,-14.24378,-170.66918,"AGLO",34,4,11,"AGLO4","wild","4-yellow",39,0.013,420
"350","ESA","TUT",20260213,7,-14.24378,-170.66918,"AGLO",35,5,12,"AGLO5","wild","4-yellow",39,0.014,420
"351","ESA","TUT",20260213,7,-14.24378,-170.66918,"AGLO",3,6,13,"AGLO6","wild","4-yellow",39,0.098,420
"352","ESA","TUT",20260213,7,-14.24378,-170.66918,"AGLO",31,7,14,"AGLO7","wild","4-yellow",39,0.131,420
"353","ESA","TUT",20260213,7,-14.24378,-170.66918,"AGLO",30,8,15,"AGLO8","wild","4-yellow",39,0.074,420
"354","ESA","TUT",20260213,7,-14.24378,-170.66918,"AGLO",21,9,16,"AGLO9","wild","4-yellow",39,0.026,420
"355","ESA","TUT",20260213,7,-14.24378,-170.66918,"AGLO",5,10,17,"AGLO10","wild","4-yellow",39,0.096,420
"356","ESA","TUT",20260213,7,-14.24378,-170.66918,"AGLO",23,11,18,"AGLO11","wild","4-yellow",39,0.119,420
"357","ESA","TUT",20260213,7,-14.24378,-170.66918,"AABR",26,1,1,"AABR1","wild","6-brown",36,0.671,420
"358","ESA","TUT",20260213,7,-14.24378,-170.66918,"AABR",27,2,2,"AABR2","wild","6-brown",36,0.64,420
"359","ESA","TUT",20260213,7,-14.24378,-170.66918,"AABR",28,3,3,"AABR3","wild","6-brown",36,0.647,420
"360","ESA","TUT",20260213,7,-14.24378,-170.66918,"AABR",2,4,4,"AABR4","wild","6-brown",36,0.736,420
"361","ESA","TUT",20260213,7,-14.24378,-170.66918,"AHYA",32,1,5,"AHYA1","wild","6-brown",36,0.645,420
"362","ESA","TUT",20260213,7,-14.24378,-170.66918,"AABR",16,5,6,"AABR5","wild","6-brown",36,0.574,420
"363","ESA","TUT",20260213,7,-14.24378,-170.66918,"AABR",1,6,7,"AABR6","wild","6-brown",36,0.612,420
"364","ESA","TUT",20260213,7,-14.24378,-170.66918,"AGLO",33,1,8,"AGLO1","wild","6-brown",36,0.618,420
"365","ESA","TUT",20260213,7,-14.24378,-170.66918,"AGLO",29,2,9,"AGLO2","wild","6-brown",36,0.636,420
"366","ESA","TUT",20260213,7,-14.24378,-170.66918,"AGLO",22,3,10,"AGLO3","wild","6-brown",36,0.571,420
"367","ESA","TUT",20260213,7,-14.24378,-170.66918,"AGLO",34,4,11,"AGLO4","wild","6-brown",36,0.55,420
"368","ESA","TUT",20260213,7,-14.24378,-170.66918,"AGLO",35,5,12,"AGLO5","wild","6-brown",36,0.68,420
"369","ESA","TUT",20260213,7,-14.24378,-170.66918,"AGLO",3,6,13,"AGLO6","wild","6-brown",36,0.559,420
"370","ESA","TUT",20260213,7,-14.24378,-170.66918,"AGLO",31,7,14,"AGLO7","wild","6-brown",36,0.537,420
"371","ESA","TUT",20260213,7,-14.24378,-170.66918,"AGLO",30,8,15,"AGLO8","wild","6-brown",36,0.613,420
"372","ESA","TUT",20260213,7,-14.24378,-170.66918,"AGLO",21,9,16,"AGLO9","wild","6-brown",36,0.606,420
"373","ESA","TUT",20260213,7,-14.24378,-170.66918,"AGLO",5,10,17,"AGLO10","wild","6-brown",36,0.664,420
"374","ESA","TUT",20260213,7,-14.24378,-170.66918,"AGLO",23,11,18,"AGLO11","wild","6-brown",36,0.601,420
"375","ESA","TUT",20260213,7,-14.24378,-170.66918,"AABR",26,1,1,"AABR1","wild","8-purple",38,0.461,420
"376","ESA","TUT",20260213,7,-14.24378,-170.66918,"AABR",27,2,2,"AABR2","wild","8-purple",38,0.475,420
"377","ESA","TUT",20260213,7,-14.24378,-170.66918,"AABR",28,3,3,"AABR3","wild","8-purple",38,0.477,420
"378","ESA","TUT",20260213,7,-14.24378,-170.66918,"AABR",2,4,4,"AABR4","wild","8-purple",38,0.382,420
"379","ESA","TUT",20260213,7,-14.24378,-170.66918,"AHYA",32,1,5,"AHYA1","wild","8-purple",38,0.384,420
"380","ESA","TUT",20260213,7,-14.24378,-170.66918,"AABR",16,5,6,"AABR5","wild","8-purple",38,0.303,420
"381","ESA","TUT",20260213,7,-14.24378,-170.66918,"AABR",1,6,7,"AABR6","wild","8-purple",38,0.359,420
"382","ESA","TUT",20260213,7,-14.24378,-170.66918,"AGLO",33,1,8,"AGLO1","wild","8-purple",38,0.356,420
"383","ESA","TUT",20260213,7,-14.24378,-170.66918,"AGLO",29,2,9,"AGLO2","wild","8-purple",38,0.385,420
"384","ESA","TUT",20260213,7,-14.24378,-170.66918,"AGLO",22,3,10,"AGLO3","wild","8-purple",38,0.497,420
"385","ESA","TUT",20260213,7,-14.24378,-170.66918,"AGLO",34,4,11,"AGLO4","wild","8-purple",38,0.394,420
"386","ESA","TUT",20260213,7,-14.24378,-170.66918,"AGLO",35,5,12,"AGLO5","wild","8-purple",38,0.303,420
"387","ESA","TUT",20260213,7,-14.24378,-170.66918,"AGLO",3,6,13,"AGLO6","wild","8-purple",38,0.5,420
"388","ESA","TUT",20260213,7,-14.24378,-170.66918,"AGLO",31,7,14,"AGLO7","wild","8-purple",38,0.506,420
"389","ESA","TUT",20260213,7,-14.24378,-170.66918,"AGLO",30,8,15,"AGLO8","wild","8-purple",38,0.413,420
"390","ESA","TUT",20260213,7,-14.24378,-170.66918,"AGLO",21,9,16,"AGLO9","wild","8-purple",38,0.413,420
"391","ESA","TUT",20260213,7,-14.24378,-170.66918,"AGLO",5,10,17,"AGLO10","wild","8-purple",38,0.406,420
"392","ESA","TUT",20260213,7,-14.24378,-170.66918,"AGLO",23,11,18,"AGLO11","wild","8-purple",38,0.402,420
"393","ESA","TUT",20260216,9,-14.36045,-170.74851,"AABR",6,1,20,"AABR1","wild","1-green",36,0.51,420
"394","ESA","TUT",20260216,9,-14.36045,-170.74851,"AABR",6,1,20,"AABR1","wild","2-blue",38,0.055,420
"395","ESA","TUT",20260216,9,-14.36045,-170.74851,"AABR",6,1,20,"AABR1","wild","4-yellow",29,0.582,420
"396","ESA","TUT",20260216,9,-14.36045,-170.74851,"AABR",6,1,20,"AABR1","wild","5-orange",39,0.043,420
"397","ESA","TUT",20260216,9,-14.36045,-170.74851,"AGLO",18,1,6,"AGLO1","wild","1-green",36,0.602,420
"398","ESA","TUT",20260216,9,-14.36045,-170.74851,"AGLO",25,2,7,"AGLO2","wild","1-green",36,0.602,420
"399","ESA","TUT",20260216,9,-14.36045,-170.74851,"AGLO",8,3,8,"AGLO3","wild","1-green",36,0.563,420
"400","ESA","TUT",20260216,9,-14.36045,-170.74851,"AGLO",24,4,9,"AGLO4","wild","1-green",36,0.483,420
"401","ESA","TUT",20260216,9,-14.36045,-170.74851,"AGLO",21,5,10,"AGLO5","wild","1-green",36,0.55,420
"402","ESA","TUT",20260216,9,-14.36045,-170.74851,"AGLO",16,6,11,"AGLO6","wild","1-green",36,0.405,420
"403","ESA","TUT",20260216,9,-14.36045,-170.74851,"AGLO",22,7,12,"AGLO7","wild","1-green",36,0.523,420
"404","ESA","TUT",20260216,9,-14.36045,-170.74851,"AGLO",17,8,19,"AGLO8","wild","1-green",36,0.651,420
"405","ESA","TUT",20260216,9,-14.36045,-170.74851,"AGLO",18,1,6,"AGLO1","wild","2-blue",38,0.261,420
"406","ESA","TUT",20260216,9,-14.36045,-170.74851,"AGLO",25,2,7,"AGLO2","wild","2-blue",38,0.277,420
"407","ESA","TUT",20260216,9,-14.36045,-170.74851,"AGLO",8,3,8,"AGLO3","wild","2-blue",38,0.176,420
"408","ESA","TUT",20260216,9,-14.36045,-170.74851,"AGLO",24,4,9,"AGLO4","wild","2-blue",38,0.295,420
"409","ESA","TUT",20260216,9,-14.36045,-170.74851,"AGLO",21,5,10,"AGLO5","wild","2-blue",38,0.392,420
"410","ESA","TUT",20260216,9,-14.36045,-170.74851,"AGLO",16,6,11,"AGLO6","wild","2-blue",38,0.067,420
"411","ESA","TUT",20260216,9,-14.36045,-170.74851,"AGLO",22,7,12,"AGLO7","wild","2-blue",38,0.149,420
"412","ESA","TUT",20260216,9,-14.36045,-170.74851,"AGLO",17,8,19,"AGLO8","wild","2-blue",38,0.381,420
"413","ESA","TUT",20260216,9,-14.36045,-170.74851,"AGLO",18,1,6,"AGLO1","wild","4-yellow",29,0.643,420
"414","ESA","TUT",20260216,9,-14.36045,-170.74851,"AGLO",25,2,7,"AGLO2","wild","4-yellow",29,0.643,420
"415","ESA","TUT",20260216,9,-14.36045,-170.74851,"AGLO",8,3,8,"AGLO3","wild","4-yellow",29,0.633,420
"416","ESA","TUT",20260216,9,-14.36045,-170.74851,"AGLO",24,4,9,"AGLO4","wild","4-yellow",29,0.634,420
"417","ESA","TUT",20260216,9,-14.36045,-170.74851,"AGLO",21,5,10,"AGLO5","wild","4-yellow",29,0.649,420
"418","ESA","TUT",20260216,9,-14.36045,-170.74851,"AGLO",16,6,11,"AGLO6","wild","4-yellow",29,0.627,420
"419","ESA","TUT",20260216,9,-14.36045,-170.74851,"AGLO",22,7,12,"AGLO7","wild","4-yellow",29,0.579,420
"420","ESA","TUT",20260216,9,-14.36045,-170.74851,"AGLO",17,8,19,"AGLO8","wild","4-yellow",29,0.653,420
"421","ESA","TUT",20260216,9,-14.36045,-170.74851,"AGLO",18,1,6,"AGLO1","wild","5-orange",39,0.011,420
"422","ESA","TUT",20260216,9,-14.36045,-170.74851,"AGLO",25,2,7,"AGLO2","wild","5-orange",39,0.098,420
"423","ESA","TUT",20260216,9,-14.36045,-170.74851,"AGLO",8,3,8,"AGLO3","wild","5-orange",39,0.04,420
"424","ESA","TUT",20260216,9,-14.36045,-170.74851,"AGLO",24,4,9,"AGLO4","wild","5-orange",39,0.034,420
"425","ESA","TUT",20260216,9,-14.36045,-170.74851,"AGLO",21,5,10,"AGLO5","wild","5-orange",39,0,420
"426","ESA","TUT",20260216,9,-14.36045,-170.74851,"AGLO",16,6,11,"AGLO6","wild","5-orange",39,0.017,420
"427","ESA","TUT",20260216,9,-14.36045,-170.74851,"AGLO",22,7,12,"AGLO7","wild","5-orange",39,0.017,420
"428","ESA","TUT",20260216,9,-14.36045,-170.74851,"AGLO",17,8,19,"AGLO8","wild","5-orange",39,0.005,420
"429","ESA","TUT",20260216,9,-14.36045,-170.74851,"AHYA",32,1,1,"AHYA1","wild","1-green",36,0.518,420
"430","ESA","TUT",20260216,9,-14.36045,-170.74851,"AHYA",34,2,2,"AHYA2","wild","1-green",36,0.605,420
"431","ESA","TUT",20260216,9,-14.36045,-170.74851,"AHYA",35,3,3,"AHYA3","wild","1-green",36,0.624,420
"432","ESA","TUT",20260216,9,-14.36045,-170.74851,"AHYA",31,4,4,"AHYA4","wild","1-green",36,0.593,420
"433","ESA","TUT",20260216,9,-14.36045,-170.74851,"AHYA",33,5,5,"AHYA5","wild","1-green",36,0.563,420
"434","ESA","TUT",20260216,9,-14.36045,-170.74851,"AHYA",32,1,1,"AHYA1","wild","2-blue",38,0.4515,420
"435","ESA","TUT",20260216,9,-14.36045,-170.74851,"AHYA",34,2,2,"AHYA2","wild","2-blue",38,0.119,420
"436","ESA","TUT",20260216,9,-14.36045,-170.74851,"AHYA",35,3,3,"AHYA3","wild","2-blue",38,0.135,420
"437","ESA","TUT",20260216,9,-14.36045,-170.74851,"AHYA",31,4,4,"AHYA4","wild","2-blue",38,0.211,420
"438","ESA","TUT",20260216,9,-14.36045,-170.74851,"AHYA",33,5,5,"AHYA5","wild","2-blue",38,0.099,420
"439","ESA","TUT",20260216,9,-14.36045,-170.74851,"AHYA",32,1,1,"AHYA1","wild","4-yellow",29,0.65,420
"440","ESA","TUT",20260216,9,-14.36045,-170.74851,"AHYA",34,2,2,"AHYA2","wild","4-yellow",29,0.61,420
"441","ESA","TUT",20260216,9,-14.36045,-170.74851,"AHYA",35,3,3,"AHYA3","wild","4-yellow",29,0.627,420
"442","ESA","TUT",20260216,9,-14.36045,-170.74851,"AHYA",31,4,4,"AHYA4","wild","4-yellow",29,0.628,420
"443","ESA","TUT",20260216,9,-14.36045,-170.74851,"AHYA",33,5,5,"AHYA5","wild","4-yellow",29,0.629,420
"444","ESA","TUT",20260216,9,-14.36045,-170.74851,"AHYA",32,1,1,"AHYA1","wild","5-orange",39,0.032,420
"445","ESA","TUT",20260216,9,-14.36045,-170.74851,"AHYA",34,2,2,"AHYA2","wild","5-orange",39,0.053,420
"446","ESA","TUT",20260216,9,-14.36045,-170.74851,"AHYA",35,3,3,"AHYA3","wild","5-orange",39,0.072,420
"447","ESA","TUT",20260216,9,-14.36045,-170.74851,"AHYA",31,4,4,"AHYA4","wild","5-orange",39,0.055,420
"448","ESA","TUT",20260216,9,-14.36045,-170.74851,"AHYA",33,5,5,"AHYA5","wild","5-orange",39,0.065,420
"449","ESA","TUT",20260216,9,-14.36045,-170.74851,"ICRA",38,1,13,"ICRA1","wild","1-green",36,0.465,420
"450","ESA","TUT",20260216,9,-14.36045,-170.74851,"ICRA",9,2,14,"ICRA2","wild","1-green",36,0.515,420
"451","ESA","TUT",20260216,9,-14.36045,-170.74851,"ICRA",39,3,15,"ICRA3","wild","1-green",36,0.505,420
"452","ESA","TUT",20260216,9,-14.36045,-170.74851,"ICRA",19,4,16,"ICRA4","wild","1-green",36,0.6,420
"453","ESA","TUT",20260216,9,-14.36045,-170.74851,"ICRA",36,5,17,"ICRA5","wild","1-green",36,0.543,420
"454","ESA","TUT",20260216,9,-14.36045,-170.74851,"ICRA",37,6,18,"ICRA6","wild","1-green",36,0.515,420
"455","ESA","TUT",20260216,9,-14.36045,-170.74851,"ICRA",38,1,13,"ICRA1","wild","2-blue",38,0.19,420
"456","ESA","TUT",20260216,9,-14.36045,-170.74851,"ICRA",9,2,14,"ICRA2","wild","2-blue",38,0.309,420
"457","ESA","TUT",20260216,9,-14.36045,-170.74851,"ICRA",39,3,15,"ICRA3","wild","2-blue",38,0.209,420
"458","ESA","TUT",20260216,9,-14.36045,-170.74851,"ICRA",19,4,16,"ICRA4","wild","2-blue",38,0.307,420
"459","ESA","TUT",20260216,9,-14.36045,-170.74851,"ICRA",36,5,17,"ICRA5","wild","2-blue",38,0.413,420
"460","ESA","TUT",20260216,9,-14.36045,-170.74851,"ICRA",37,6,18,"ICRA6","wild","2-blue",38,0.312,420
"461","ESA","TUT",20260216,9,-14.36045,-170.74851,"ICRA",38,1,13,"ICRA1","wild","4-yellow",29,0.574,420
"462","ESA","TUT",20260216,9,-14.36045,-170.74851,"ICRA",9,2,14,"ICRA2","wild","4-yellow",29,0.57,420
"463","ESA","TUT",20260216,9,-14.36045,-170.74851,"ICRA",39,3,15,"ICRA3","wild","4-yellow",29,0.544,420
"464","ESA","TUT",20260216,9,-14.36045,-170.74851,"ICRA",19,4,16,"ICRA4","wild","4-yellow",29,0.599,420
"465","ESA","TUT",20260216,9,-14.36045,-170.74851,"ICRA",36,5,17,"ICRA5","wild","4-yellow",29,0.575,420
"466","ESA","TUT",20260216,9,-14.36045,-170.74851,"ICRA",37,6,18,"ICRA6","wild","4-yellow",29,0.576,420
"467","ESA","TUT",20260216,9,-14.36045,-170.74851,"ICRA",38,1,13,"ICRA1","wild","5-orange",39,0.008,420
"468","ESA","TUT",20260216,9,-14.36045,-170.74851,"ICRA",9,2,14,"ICRA2","wild","5-orange",39,0.045,420
"469","ESA","TUT",20260216,9,-14.36045,-170.74851,"ICRA",39,3,15,"ICRA3","wild","5-orange",39,0.034,420
"470","ESA","TUT",20260216,9,-14.36045,-170.74851,"ICRA",19,4,16,"ICRA4","wild","5-orange",39,0.062,420
"471","ESA","TUT",20260216,9,-14.36045,-170.74851,"ICRA",36,5,17,"ICRA5","wild","5-orange",39,0.042,420
"472","ESA","TUT",20260216,9,-14.36045,-170.74851,"ICRA",37,6,18,"ICRA6","wild","5-orange",39,0.02,420
"473","ESA","TUT",2172026,10,-14.27898,-170.5863,"AHYA",35,1,1,"AHYA1","wild","2-blue",36,0.625,420
"474","ESA","TUT",2172026,10,-14.27898,-170.5863,"AHYA",33,2,2,"AHYA2","wild","2-blue",36,0.619,420
"475","ESA","TUT",2172026,10,-14.27898,-170.5863,"AABR",31,1,3,"AABR1","wild","2-blue",36,0.575,420
"476","ESA","TUT",2172026,10,-14.27898,-170.5863,"AABR",32,2,4,"AABR2","wild","2-blue",36,0.59,420
"477","ESA","TUT",2172026,10,-14.27898,-170.5863,"AGLO",11,1,5,"AGLO1","wild","2-blue",36,0.601,420
"478","ESA","TUT",2172026,10,-14.27898,-170.5863,"AGLO",12,2,6,"AGLO2","wild","2-blue",36,0.606,420
"479","ESA","TUT",2172026,10,-14.27898,-170.5863,"AGLO",14,3,7,"AGLO3","wild","2-blue",36,0.586,420
"480","ESA","TUT",2172026,10,-14.27898,-170.5863,"AGLO",22,4,8,"AGLO4","wild","2-blue",36,0.643,420
"481","ESA","TUT",2172026,10,-14.27898,-170.5863,"AGLO",21,5,9,"AGLO5","wild","2-blue",36,0.524,420
"482","ESA","TUT",2172026,10,-14.27898,-170.5863,"AGLO",13,6,10,"AGLO6","wild","2-blue",36,0.56,420
"483","ESA","TUT",2172026,10,-14.27898,-170.5863,"ICRA",6,1,11,"ICRA1","wild","2-blue",36,0.528,420
"484","ESA","TUT",2172026,10,-14.27898,-170.5863,"ICRA",36,2,12,"ICRA2","wild","2-blue",36,0.507,420
"485","ESA","TUT",2172026,10,-14.27898,-170.5863,"ICRA",23,3,13,"ICRA3","wild","2-blue",36,0.508,420
"486","ESA","TUT",2172026,10,-14.27898,-170.5863,"ICRA",2,4,14,"ICRA4","wild","2-blue",36,0.501,420
"487","ESA","TUT",2172026,10,-14.27898,-170.5863,"ICRA",3,5,15,"ICRA5","wild","2-blue",36,0.526,420
"488","ESA","TUT",2172026,10,-14.27898,-170.5863,"ICRA",38,6,16,"ICRA6","wild","2-blue",36,0.493,420
"489","ESA","TUT",2172026,10,-14.27898,-170.5863,"ICRA",5,7,17,"ICRA7","wild","2-blue",36,0.612,420
"490","ESA","TUT",2172026,10,-14.27898,-170.5863,"ICRA",37,8,18,"ICRA8","wild","2-blue",36,0.56,420
"491","ESA","TUT",2172026,10,-14.27898,-170.5863,"ICRA",39,9,19,"ICRA9","wild","2-blue",36,0.547,420
"492","ESA","TUT",2172026,10,-14.27898,-170.5863,"ICRA",24,10,20,"ICRA10","wild","2-blue",36,0.566,420
"493","ESA","TUT",2172026,10,-14.27898,-170.5863,"AHYA",35,1,1,"AHYA1","wild","4-yellow",38,0.46,420
"494","ESA","TUT",2172026,10,-14.27898,-170.5863,"AHYA",33,2,2,"AHYA2","wild","4-yellow",38,0.36,420
"495","ESA","TUT",2172026,10,-14.27898,-170.5863,"AABR",31,1,3,"AABR1","wild","4-yellow",38,0.248,420
"496","ESA","TUT",2172026,10,-14.27898,-170.5863,"AABR",32,2,4,"AABR2","wild","4-yellow",38,0.231,420
"497","ESA","TUT",2172026,10,-14.27898,-170.5863,"AGLO",11,1,5,"AGLO1","wild","4-yellow",38,0.342,420
"498","ESA","TUT",2172026,10,-14.27898,-170.5863,"AGLO",12,2,6,"AGLO2","wild","4-yellow",38,0.374,420
"499","ESA","TUT",2172026,10,-14.27898,-170.5863,"AGLO",14,3,7,"AGLO3","wild","4-yellow",38,0.343,420
"500","ESA","TUT",2172026,10,-14.27898,-170.5863,"AGLO",22,4,8,"AGLO4","wild","4-yellow",38,0.348,420
"501","ESA","TUT",2172026,10,-14.27898,-170.5863,"AGLO",21,5,9,"AGLO5","wild","4-yellow",38,0.389,420
"502","ESA","TUT",2172026,10,-14.27898,-170.5863,"AGLO",13,6,10,"AGLO6","wild","4-yellow",38,0.294,420
"503","ESA","TUT",2172026,10,-14.27898,-170.5863,"ICRA",6,1,11,"ICRA1","wild","4-yellow",38,0.294,420
"504","ESA","TUT",2172026,10,-14.27898,-170.5863,"ICRA",36,2,12,"ICRA2","wild","4-yellow",38,0.298,420
"505","ESA","TUT",2172026,10,-14.27898,-170.5863,"ICRA",23,3,13,"ICRA3","wild","4-yellow",38,0.316,420
"506","ESA","TUT",2172026,10,-14.27898,-170.5863,"ICRA",2,4,14,"ICRA4","wild","4-yellow",38,0.273,420
"507","ESA","TUT",2172026,10,-14.27898,-170.5863,"ICRA",3,5,15,"ICRA5","wild","4-yellow",38,0.252,420
"508","ESA","TUT",2172026,10,-14.27898,-170.5863,"ICRA",38,6,16,"ICRA6","wild","4-yellow",38,0.373,420
"509","ESA","TUT",2172026,10,-14.27898,-170.5863,"ICRA",5,7,17,"ICRA7","wild","4-yellow",38,0.394,420
"510","ESA","TUT",2172026,10,-14.27898,-170.5863,"ICRA",37,8,18,"ICRA8","wild","4-yellow",38,0.379,420
"511","ESA","TUT",2172026,10,-14.27898,-170.5863,"ICRA",39,9,19,"ICRA9","wild","4-yellow",38,0.287,420
"512","ESA","TUT",2172026,10,-14.27898,-170.5863,"ICRA",24,10,20,"ICRA10","wild","4-yellow",38,0.268,420
"513","ESA","TUT",2172026,10,-14.27898,-170.5863,"AHYA",35,1,1,"AHYA1","wild","5-orange",29,0.621,420
"514","ESA","TUT",2172026,10,-14.27898,-170.5863,"AHYA",33,2,2,"AHYA2","wild","5-orange",29,0.617,420
"515","ESA","TUT",2172026,10,-14.27898,-170.5863,"AABR",31,1,3,"AABR1","wild","5-orange",29,0.626,420
"516","ESA","TUT",2172026,10,-14.27898,-170.5863,"AABR",32,2,4,"AABR2","wild","5-orange",29,0.506,420
"517","ESA","TUT",2172026,10,-14.27898,-170.5863,"AGLO",11,1,5,"AGLO1","wild","5-orange",29,0.663,420
"518","ESA","TUT",2172026,10,-14.27898,-170.5863,"AGLO",12,2,6,"AGLO2","wild","5-orange",29,0.626,420
"519","ESA","TUT",2172026,10,-14.27898,-170.5863,"AGLO",14,3,7,"AGLO3","wild","5-orange",29,0.655,420
"520","ESA","TUT",2172026,10,-14.27898,-170.5863,"AGLO",22,4,8,"AGLO4","wild","5-orange",29,0.646,420
"521","ESA","TUT",2172026,10,-14.27898,-170.5863,"AGLO",21,5,9,"AGLO5","wild","5-orange",29,0.647,420
"522","ESA","TUT",2172026,10,-14.27898,-170.5863,"AGLO",13,6,10,"AGLO6","wild","5-orange",29,0.643,420
"523","ESA","TUT",2172026,10,-14.27898,-170.5863,"ICRA",6,1,11,"ICRA1","wild","5-orange",29,0.543,420
"524","ESA","TUT",2172026,10,-14.27898,-170.5863,"ICRA",36,2,12,"ICRA2","wild","5-orange",29,0.589,420
"525","ESA","TUT",2172026,10,-14.27898,-170.5863,"ICRA",23,3,13,"ICRA3","wild","5-orange",29,0.537,420
"526","ESA","TUT",2172026,10,-14.27898,-170.5863,"ICRA",2,4,14,"ICRA4","wild","5-orange",29,0.541,420
"527","ESA","TUT",2172026,10,-14.27898,-170.5863,"ICRA",3,5,15,"ICRA5","wild","5-orange",29,0.573,420
"528","ESA","TUT",2172026,10,-14.27898,-170.5863,"ICRA",38,6,16,"ICRA6","wild","5-orange",29,0.548,420
"529","ESA","TUT",2172026,10,-14.27898,-170.5863,"ICRA",5,7,17,"ICRA7","wild","5-orange",29,0.584,420
"530","ESA","TUT",2172026,10,-14.27898,-170.5863,"ICRA",37,8,18,"ICRA8","wild","5-orange",29,0.591,420
"531","ESA","TUT",2172026,10,-14.27898,-170.5863,"ICRA",39,9,19,"ICRA9","wild","5-orange",29,0.578,420
"532","ESA","TUT",2172026,10,-14.27898,-170.5863,"ICRA",24,10,20,"ICRA10","wild","5-orange",29,0.565,420
"533","ESA","TUT",2172026,10,-14.27898,-170.5863,"AHYA",35,1,1,"AHYA1","wild","7-grey",39,0.298,420
"534","ESA","TUT",2172026,10,-14.27898,-170.5863,"AHYA",33,2,2,"AHYA2","wild","7-grey",39,0.293,420
"535","ESA","TUT",2172026,10,-14.27898,-170.5863,"AABR",31,1,3,"AABR1","wild","7-grey",39,0.168,420
"536","ESA","TUT",2172026,10,-14.27898,-170.5863,"AABR",32,2,4,"AABR2","wild","7-grey",39,0.054,420
"537","ESA","TUT",2172026,10,-14.27898,-170.5863,"AGLO",11,1,5,"AGLO1","wild","7-grey",39,0.137,420
"538","ESA","TUT",2172026,10,-14.27898,-170.5863,"AGLO",12,2,6,"AGLO2","wild","7-grey",39,0.249,420
"539","ESA","TUT",2172026,10,-14.27898,-170.5863,"AGLO",14,3,7,"AGLO3","wild","7-grey",39,0.24,420
"540","ESA","TUT",2172026,10,-14.27898,-170.5863,"AGLO",22,4,8,"AGLO4","wild","7-grey",39,0.15,420
"541","ESA","TUT",2172026,10,-14.27898,-170.5863,"AGLO",21,5,9,"AGLO5","wild","7-grey",39,0.162,420
"542","ESA","TUT",2172026,10,-14.27898,-170.5863,"AGLO",13,6,10,"AGLO6","wild","7-grey",39,0.227,420
"543","ESA","TUT",2172026,10,-14.27898,-170.5863,"ICRA",6,1,11,"ICRA1","wild","7-grey",39,0.2,420
"544","ESA","TUT",2172026,10,-14.27898,-170.5863,"ICRA",36,2,12,"ICRA2","wild","7-grey",39,0.138,420
"545","ESA","TUT",2172026,10,-14.27898,-170.5863,"ICRA",23,3,13,"ICRA3","wild","7-grey",39,0.121,420
"546","ESA","TUT",2172026,10,-14.27898,-170.5863,"ICRA",2,4,14,"ICRA4","wild","7-grey",39,0.137,420
"547","ESA","TUT",2172026,10,-14.27898,-170.5863,"ICRA",3,5,15,"ICRA5","wild","7-grey",39,0.123,420
"548","ESA","TUT",2172026,10,-14.27898,-170.5863,"ICRA",38,6,16,"ICRA6","wild","7-grey",39,0.213,420
"549","ESA","TUT",2172026,10,-14.27898,-170.5863,"ICRA",5,7,17,"ICRA7","wild","7-grey",39,0.195,420
"550","ESA","TUT",2172026,10,-14.27898,-170.5863,"ICRA",37,8,18,"ICRA8","wild","7-grey",39,0.247,420
"551","ESA","TUT",2172026,10,-14.27898,-170.5863,"ICRA",39,9,19,"ICRA9","wild","7-grey",39,0.157,420
"552","ESA","TUT",2172026,10,-14.27898,-170.5863,"ICRA",24,10,20,"ICRA10","wild","7-grey",39,0.169,420
"553","ESA","TUT",20260210,11,-14.33699,-170.71101,"AHYA",18,1,1,"AHYA1","wild","1-green",29,0.665,420
"554","ESA","TUT",20260210,11,-14.33699,-170.71101,"AHYA",16,2,2,"AHYA2","wild","1-green",29,0.601,420
"555","ESA","TUT",20260210,11,-14.33699,-170.71101,"AABR",17,1,3,"AABR1","wild","1-green",29,0.656,420
"556","ESA","TUT",20260210,11,-14.33699,-170.71101,"AABR",21,2,4,"AABR2","wild","1-green",29,0.654,420
"557","ESA","TUT",20260210,11,-14.33699,-170.71101,"ICRA",10,1,5,"ICRA1","wild","1-green",29,0.63,420
"558","ESA","TUT",20260210,11,-14.33699,-170.71101,"ICRA",20,2,6,"ICRA2","wild","1-green",29,0.658,420
"559","ESA","TUT",20260210,11,-14.33699,-170.71101,"ICRA",19,3,7,"ICRA3","wild","1-green",29,0.626,420
"560","ESA","TUT",20260210,11,-14.33699,-170.71101,"ICRA",29,4,8,"ICRA4","wild","1-green",29,0.615,420
"561","ESA","TUT",20260210,11,-14.33699,-170.71101,"ICRA",26,5,9,"ICRA5","wild","1-green",29,0.631,420
"562","ESA","TUT",20260210,11,-14.33699,-170.71101,"ICRA",4,6,10,"ICRA6","wild","1-green",29,0.612,420
"563","ESA","TUT",20260210,11,-14.33699,-170.71101,"ICRA",28,7,11,"ICRA7","wild","1-green",29,0.636,420
"564","ESA","TUT",20260210,11,-14.33699,-170.71101,"ICRA",27,8,12,"ICRA8","wild","1-green",29,0.62,420
"565","ESA","TUT",20260210,11,-14.33699,-170.71101,"AGLO",23,1,13,"AGLO1","wild","1-green",29,0.665,420
"566","ESA","TUT",20260210,11,-14.33699,-170.71101,"AGLO",24,2,14,"AGLO2","wild","1-green",29,0.635,420
"567","ESA","TUT",20260210,11,-14.33699,-170.71101,"AGLO",11,3,15,"AGLO3","wild","1-green",29,0.659,420
"568","ESA","TUT",20260210,11,-14.33699,-170.71101,"AGLO",12,4,16,"AGLO4","wild","1-green",29,0.65,420
"569","ESA","TUT",20260210,11,-14.33699,-170.71101,"AGLO",13,5,17,"AGLO5","wild","1-green",29,0.669,420
"570","ESA","TUT",20260210,11,-14.33699,-170.71101,"AGLO",33,6,18,"AGLO6","wild","1-green",29,0.656,420
"571","ESA","TUT",20260210,11,-14.33699,-170.71101,"AGLO",14,7,19,"AGLO7","wild","1-green",29,0.666,420
"572","ESA","TUT",20260210,11,-14.33699,-170.71101,"AGLO",32,8,20,"AGLO8","wild","1-green",29,0.688,420
"573","ESA","TUT",20260210,11,-14.33699,-170.71101,"AHYA",18,1,1,"AHYA1","wild","5-orange",38,0.33,420
"574","ESA","TUT",20260210,11,-14.33699,-170.71101,"AHYA",16,2,2,"AHYA2","wild","5-orange",38,0.122,420
"575","ESA","TUT",20260210,11,-14.33699,-170.71101,"AABR",17,1,3,"AABR1","wild","5-orange",38,0.185,420
"576","ESA","TUT",20260210,11,-14.33699,-170.71101,"AABR",21,2,4,"AABR2","wild","5-orange",38,0.254,420
"577","ESA","TUT",20260210,11,-14.33699,-170.71101,"ICRA",10,1,5,"ICRA1","wild","5-orange",38,0.281,420
"578","ESA","TUT",20260210,11,-14.33699,-170.71101,"ICRA",20,2,6,"ICRA2","wild","5-orange",38,0.245,420
"579","ESA","TUT",20260210,11,-14.33699,-170.71101,"ICRA",19,3,7,"ICRA3","wild","5-orange",38,0.451,420
"580","ESA","TUT",20260210,11,-14.33699,-170.71101,"ICRA",29,4,8,"ICRA4","wild","5-orange",38,0.215,420
"581","ESA","TUT",20260210,11,-14.33699,-170.71101,"ICRA",26,5,9,"ICRA5","wild","5-orange",38,0.309,420
"582","ESA","TUT",20260210,11,-14.33699,-170.71101,"ICRA",4,6,10,"ICRA6","wild","5-orange",38,0.22,420
"583","ESA","TUT",20260210,11,-14.33699,-170.71101,"ICRA",28,7,11,"ICRA7","wild","5-orange",38,0.178,420
"584","ESA","TUT",20260210,11,-14.33699,-170.71101,"ICRA",27,8,12,"ICRA8","wild","5-orange",38,0.129,420
"585","ESA","TUT",20260210,11,-14.33699,-170.71101,"AGLO",23,1,13,"AGLO1","wild","5-orange",38,0.279,420
"586","ESA","TUT",20260210,11,-14.33699,-170.71101,"AGLO",24,2,14,"AGLO2","wild","5-orange",38,0.413,420
"587","ESA","TUT",20260210,11,-14.33699,-170.71101,"AGLO",11,3,15,"AGLO3","wild","5-orange",38,0.25,420
"588","ESA","TUT",20260210,11,-14.33699,-170.71101,"AGLO",12,4,16,"AGLO4","wild","5-orange",38,0.312,420
"589","ESA","TUT",20260210,11,-14.33699,-170.71101,"AGLO",13,5,17,"AGLO5","wild","5-orange",38,0.269,420
"590","ESA","TUT",20260210,11,-14.33699,-170.71101,"AGLO",33,6,18,"AGLO6","wild","5-orange",38,0.466,420
"591","ESA","TUT",20260210,11,-14.33699,-170.71101,"AGLO",14,7,19,"AGLO7","wild","5-orange",38,0.374,420
"592","ESA","TUT",20260210,11,-14.33699,-170.71101,"AGLO",32,8,20,"AGLO8","wild","5-orange",38,0.407,420
"593","ESA","TUT",20260210,11,-14.33699,-170.71101,"AHYA",18,1,1,"AHYA1","wild","6-brown",39,0.213,420
"594","ESA","TUT",20260210,11,-14.33699,-170.71101,"AHYA",16,2,2,"AHYA2","wild","6-brown",39,0.029,420
"595","ESA","TUT",20260210,11,-14.33699,-170.71101,"AABR",17,1,3,"AABR1","wild","6-brown",39,0.085,420
"596","ESA","TUT",20260210,11,-14.33699,-170.71101,"AABR",21,2,4,"AABR2","wild","6-brown",39,0.14,420
"597","ESA","TUT",20260210,11,-14.33699,-170.71101,"ICRA",10,1,5,"ICRA1","wild","6-brown",39,0.069,420
"598","ESA","TUT",20260210,11,-14.33699,-170.71101,"ICRA",20,2,6,"ICRA2","wild","6-brown",39,0.102,420
"599","ESA","TUT",20260210,11,-14.33699,-170.71101,"ICRA",19,3,7,"ICRA3","wild","6-brown",39,0.247,420
"600","ESA","TUT",20260210,11,-14.33699,-170.71101,"ICRA",29,4,8,"ICRA4","wild","6-brown",39,0.104,420
"601","ESA","TUT",20260210,11,-14.33699,-170.71101,"ICRA",26,5,9,"ICRA5","wild","6-brown",39,0.012,420
"602","ESA","TUT",20260210,11,-14.33699,-170.71101,"ICRA",4,6,10,"ICRA6","wild","6-brown",39,0.046,420
"603","ESA","TUT",20260210,11,-14.33699,-170.71101,"ICRA",28,7,11,"ICRA7","wild","6-brown",39,0,420
"604","ESA","TUT",20260210,11,-14.33699,-170.71101,"ICRA",27,8,12,"ICRA8","wild","6-brown",39,0.01,420
"605","ESA","TUT",20260210,11,-14.33699,-170.71101,"AGLO",23,1,13,"AGLO1","wild","6-brown",39,0.058,420
"606","ESA","TUT",20260210,11,-14.33699,-170.71101,"AGLO",24,2,14,"AGLO2","wild","6-brown",39,0.161,420
"607","ESA","TUT",20260210,11,-14.33699,-170.71101,"AGLO",11,3,15,"AGLO3","wild","6-brown",39,0.027,420
"608","ESA","TUT",20260210,11,-14.33699,-170.71101,"AGLO",12,4,16,"AGLO4","wild","6-brown",39,0.145,420
"609","ESA","TUT",20260210,11,-14.33699,-170.71101,"AGLO",13,5,17,"AGLO5","wild","6-brown",39,0.025,420
"610","ESA","TUT",20260210,11,-14.33699,-170.71101,"AGLO",33,6,18,"AGLO6","wild","6-brown",39,0.19,420
"611","ESA","TUT",20260210,11,-14.33699,-170.71101,"AGLO",14,7,19,"AGLO7","wild","6-brown",39,0.186,420
"612","ESA","TUT",20260210,11,-14.33699,-170.71101,"AGLO",32,8,20,"AGLO8","wild","6-brown",39,0.123,420
"613","ESA","TUT",20260210,11,-14.33699,-170.71101,"AHYA",18,1,1,"AHYA1","wild","8-purple",36,0.555,420
"614","ESA","TUT",20260210,11,-14.33699,-170.71101,"AHYA",16,2,2,"AHYA2","wild","8-purple",36,0.46,420
"615","ESA","TUT",20260210,11,-14.33699,-170.71101,"AABR",17,1,3,"AABR1","wild","8-purple",36,0.636,420
"616","ESA","TUT",20260210,11,-14.33699,-170.71101,"AABR",21,2,4,"AABR2","wild","8-purple",36,0.649,420
"617","ESA","TUT",20260210,11,-14.33699,-170.71101,"ICRA",10,1,5,"ICRA1","wild","8-purple",36,0.475,420
"618","ESA","TUT",20260210,11,-14.33699,-170.71101,"ICRA",20,2,6,"ICRA2","wild","8-purple",36,0.441,420
"619","ESA","TUT",20260210,11,-14.33699,-170.71101,"ICRA",19,3,7,"ICRA3","wild","8-purple",36,0.594,420
"620","ESA","TUT",20260210,11,-14.33699,-170.71101,"ICRA",29,4,8,"ICRA4","wild","8-purple",36,0.588,420
"621","ESA","TUT",20260210,11,-14.33699,-170.71101,"ICRA",26,5,9,"ICRA5","wild","8-purple",36,0.468,420
"622","ESA","TUT",20260210,11,-14.33699,-170.71101,"ICRA",4,6,10,"ICRA6","wild","8-purple",36,0.517,420
"623","ESA","TUT",20260210,11,-14.33699,-170.71101,"ICRA",28,7,11,"ICRA7","wild","8-purple",36,0.56,420
"624","ESA","TUT",20260210,11,-14.33699,-170.71101,"ICRA",27,8,12,"ICRA8","wild","8-purple",36,0.582,420
"625","ESA","TUT",20260210,11,-14.33699,-170.71101,"AGLO",23,1,13,"AGLO1","wild","8-purple",36,0.579,420
"626","ESA","TUT",20260210,11,-14.33699,-170.71101,"AGLO",24,2,14,"AGLO2","wild","8-purple",36,0.621,420
"627","ESA","TUT",20260210,11,-14.33699,-170.71101,"AGLO",11,3,15,"AGLO3","wild","8-purple",36,0.619,420
"628","ESA","TUT",20260210,11,-14.33699,-170.71101,"AGLO",12,4,16,"AGLO4","wild","8-purple",36,0.617,420
"629","ESA","TUT",20260210,11,-14.33699,-170.71101,"AGLO",13,5,17,"AGLO5","wild","8-purple",36,0.639,420
"630","ESA","TUT",20260210,11,-14.33699,-170.71101,"AGLO",33,6,18,"AGLO6","wild","8-purple",36,0.659,420
"631","ESA","TUT",20260210,11,-14.33699,-170.71101,"AGLO",14,7,19,"AGLO7","wild","8-purple",36,0.654,420
"632","ESA","TUT",20260210,11,-14.33699,-170.71101,"AGLO",32,8,20,"AGLO8","wild","8-purple",36,0.656,420
