"","SampleID","Cluster_4","Cluster_5","Cluster_6","Cluster_7","Cluster_8","site","species","genotype","GroupingProperty"
"1","t1_aabr1._02r",1,1,1,1,1,"1","aabr","1","1_AABR_1"
"2","t1_aabr2._02r",1,2,2,2,2,"1","aabr","2","1_AABR_2"
"3","t1_aglo1._02r",1,1,1,1,1,"1","aglo","1","1_AGLO_1"
"4","t1_aglo2._02r",1,1,1,1,1,"1","aglo","2","1_AGLO_2"
"5","t1_aglo3._02r",1,2,2,2,2,"1","aglo","3","1_AGLO_3"
"6","t1_aglo4._02r",1,1,1,1,1,"1","aglo","4","1_AGLO_4"
"7","t1_aglo5._02r",1,2,2,2,2,"1","aglo","5","1_AGLO_5"
"8","t1_aglo6._02r",1,2,2,2,2,"1","aglo","6","1_AGLO_6"
"9","t1_aglo7._02r",1,2,2,2,2,"1","aglo","7","1_AGLO_7"
"10","t1_aglo8._02r",1,1,1,1,1,"1","aglo","8","1_AGLO_8"
"11","t1_aglo9._02r",1,2,2,2,2,"1","aglo","9","1_AGLO_9"
"12","t1_ahya1._02r",1,2,2,2,2,"1","ahya","1","1_AHYA_1"
"13","t1_icra1._02r",2,3,3,3,3,"1","icra","1","1_ICRA_1"
"14","t1_icra2._02r",2,3,3,3,3,"1","icra","2","1_ICRA_2"
"15","t1_icra3._02r",2,3,3,3,3,"1","icra","3","1_ICRA_3"
"16","t1_icra4._02r",3,4,4,4,4,"1","icra","4","1_ICRA_4"
"17","t1_icra5._02r",2,3,3,3,3,"1","icra","5","1_ICRA_5"
"18","t1_icra6._02r",3,4,4,4,4,"1","icra","6","1_ICRA_6"
"19","t1_icra7._02r",3,4,4,4,4,"1","icra","7","1_ICRA_7"
"20","t1_icra8._02r",2,3,3,3,3,"1","icra","8","1_ICRA_8"
"21","t10_aabr1._02r",1,1,1,1,1,"10","aabr","1","10_AABR_1"
"22","t10_aabr2._02r",1,1,1,1,1,"10","aabr","2","10_AABR_2"
"23","t10_aglo1._02r",1,2,2,2,2,"10","aglo","1","10_AGLO_1"
"24","t10_aglo2._02r",1,2,2,2,2,"10","aglo","2","10_AGLO_2"
"25","t10_aglo3._02r",1,2,2,2,2,"10","aglo","3","10_AGLO_3"
"26","t10_aglo4._02r",1,2,2,2,2,"10","aglo","4","10_AGLO_4"
"27","t10_aglo5._02r",1,1,1,1,1,"10","aglo","5","10_AGLO_5"
"28","t10_aglo6._02r",1,1,1,1,1,"10","aglo","6","10_AGLO_6"
"29","t10_ahya1._02r",1,2,2,2,2,"10","ahya","1","10_AHYA_1"
"30","t10_ahya2._02r",1,2,2,2,2,"10","ahya","2","10_AHYA_2"
"31","t10_icra1._02r",3,4,4,4,4,"10","icra","1","10_ICRA_1"
"32","t10_icra10._02r",3,4,4,5,5,"10","icra","10","10_ICRA_10"
"33","t10_icra2._02r",2,3,3,3,3,"10","icra","2","10_ICRA_2"
"34","t10_icra3._02r",3,4,4,5,5,"10","icra","3","10_ICRA_3"
"35","t10_icra4._02r",3,4,4,4,4,"10","icra","4","10_ICRA_4"
"36","t10_icra5._02r",3,4,4,4,4,"10","icra","5","10_ICRA_5"
"37","t10_icra6._02r",3,4,4,4,4,"10","icra","6","10_ICRA_6"
"38","t10_icra7._02r",3,4,4,4,4,"10","icra","7","10_ICRA_7"
"39","t10_icra8._02r",3,4,4,4,4,"10","icra","8","10_ICRA_8"
"40","t10_icra9._02r",3,4,4,4,4,"10","icra","9","10_ICRA_9"
"41","t11_aabr1._05r",4,5,5,6,6,"11","aabr","1","11_AABR_1"
"42","t11_aabr2._05r",4,5,5,6,7,"11","aabr","2","11_AABR_2"
"43","t11_aabr3._05r",4,5,5,6,7,"11","aabr","3","11_AABR_3"
"44","t11_aglo1._05r",4,5,5,6,6,"11","aglo","1","11_AGLO_1"
"45","t11_aglo2._05r",4,5,5,6,6,"11","aglo","2","11_AGLO_2"
"46","t11_aglo3._05r",4,5,5,6,7,"11","aglo","3","11_AGLO_3"
"47","t11_aglo4._05r",4,5,5,6,6,"11","aglo","4","11_AGLO_4"
"48","t11_aglo5._05r",4,5,5,6,7,"11","aglo","5","11_AGLO_5"
"49","t11_aglo6._05r",4,5,5,6,6,"11","aglo","6","11_AGLO_6"
"50","t11_aglo7._05r",4,5,5,6,7,"11","aglo","7","11_AGLO_7"
"51","t11_aglo8._05r",4,5,5,6,7,"11","aglo","8","11_AGLO_8"
"52","t11_aglo9._05r",4,5,5,6,6,"11","aglo","9","11_AGLO_9"
"53","t11_ahya1._02r",1,2,2,2,2,"11","ahya","1","11_AHYA_1"
"54","t11_ahya2._02r",1,2,2,2,2,"11","ahya","2","11_AHYA_2"
"55","t11_icra1._02r",3,4,4,5,5,"11","icra","1","11_ICRA_1"
"56","t11_icra10._02r",1,2,2,2,2,"11","icra","10","11_ICRA_10"
"57","t11_icra2._02r",3,4,4,5,5,"11","icra","2","11_ICRA_2"
"58","t11_icra3._02r",3,4,4,5,5,"11","icra","3","11_ICRA_3"
"59","t11_icra4._02r",3,4,4,5,5,"11","icra","4","11_ICRA_4"
"60","t11_icra5._02r",1,1,1,1,1,"11","icra","5","11_ICRA_5"
"61","t11_icra6._02r",3,4,4,5,5,"11","icra","6","11_ICRA_6"
"62","t11_icra7._02r",3,4,4,5,5,"11","icra","7","11_ICRA_7"
"63","t11_icra8._02r",1,1,1,1,1,"11","icra","8","11_ICRA_8"
"64","t11_icra9._02r",3,4,4,5,5,"11","icra","9","11_ICRA_9"
"65","t3_aabr1._02r",1,1,1,1,1,"3","aabr","1","3_AABR_1"
"66","t3_aabr2._02r",1,1,1,1,1,"3","aabr","2","3_AABR_2"
"67","t3_aglo1._02r",1,2,2,2,2,"3","aglo","1","3_AGLO_1"
"68","t3_aglo2._02r",1,1,1,1,1,"3","aglo","2","3_AGLO_2"
"69","t3_aglo3._02r",3,4,4,5,5,"3","aglo","3","3_AGLO_3"
"70","t3_aglo4._02r",1,1,1,1,1,"3","aglo","4","3_AGLO_4"
"71","t3_aglo5._02r",1,2,2,2,2,"3","aglo","5","3_AGLO_5"
"72","t3_aglo6._02r",1,2,2,2,2,"3","aglo","6","3_AGLO_6"
"73","t3_aglo7._02r",1,1,1,1,1,"3","aglo","7","3_AGLO_7"
"74","t3_aglo8._02r",1,1,1,1,1,"3","aglo","8","3_AGLO_8"
"75","t3_ahya1._02r",1,1,1,1,1,"3","ahya","1","3_AHYA_1"
"76","t3_ahya2._02r",1,2,2,2,2,"3","ahya","2","3_AHYA_2"
"77","t3_icra1._02r",2,3,3,3,3,"3","icra","1","3_ICRA_1"
"78","t3_icra2._02r",2,3,6,7,8,"3","icra","2","3_ICRA_2"
"79","t3_icra3._02r",2,3,6,7,8,"3","icra","3","3_ICRA_3"
"80","t3_icra4._02r",2,3,6,7,8,"3","icra","4","3_ICRA_4"
"81","t3_icra5._02r",2,3,6,7,8,"3","icra","5","3_ICRA_5"
"82","t3_icra6._02r",2,3,6,7,8,"3","icra","6","3_ICRA_6"
"83","t3_icra7._02r",3,4,4,4,4,"3","icra","7","3_ICRA_7"
"84","t3_icra8._02r",2,3,6,7,8,"3","icra","8","3_ICRA_8"
"85","t4_aabr1._02r",1,1,1,1,1,"4","aabr","1","4_AABR_1"
"86","t4_aabr2._02r",1,1,1,1,1,"4","aabr","2","4_AABR_2"
"87","t4_aglo1._02r",1,2,2,2,2,"4","aglo","1","4_AGLO_1"
"88","t4_aglo2._02r",1,2,2,2,2,"4","aglo","2","4_AGLO_2"
"89","t4_aglo3._02r",1,2,2,2,2,"4","aglo","3","4_AGLO_3"
"90","t4_aglo4._02r",1,1,1,1,1,"4","aglo","4","4_AGLO_4"
"91","t4_aglo5._02r",1,2,2,2,2,"4","aglo","5","4_AGLO_5"
"92","t4_aglo6._02r",1,1,1,1,1,"4","aglo","6","4_AGLO_6"
"93","t4_aglo7._02r",3,4,4,5,5,"4","aglo","7","4_AGLO_7"
"94","t4_aglo8._02r",1,2,2,2,2,"4","aglo","8","4_AGLO_8"
"95","t4_ahya1._02r",1,2,2,2,2,"4","ahya","1","4_AHYA_1"
"96","t4_ahya2._02r",1,2,2,2,2,"4","ahya","2","4_AHYA_2"
"97","t4_icra1._02r",3,4,4,5,5,"4","icra","1","4_ICRA_1"
"98","t4_icra2._02r",2,3,6,7,8,"4","icra","2","4_ICRA_2"
"99","t4_icra3._02r",2,3,6,7,8,"4","icra","3","4_ICRA_3"
"100","t4_icra4._02r",3,4,4,4,4,"4","icra","4","4_ICRA_4"
"101","t4_icra5._02r",2,3,6,7,8,"4","icra","5","4_ICRA_5"
"102","t4_icra6._02r",2,3,6,7,8,"4","icra","6","4_ICRA_6"
"103","t4_icra7._02r",2,3,6,7,8,"4","icra","7","4_ICRA_7"
"104","t4_icra8._02r",2,3,3,3,3,"4","icra","8","4_ICRA_8"
"105","t5_aabr1._02r",1,2,2,2,2,"5","aabr","1","5_AABR_1"
"106","t5_aabr2._02r",1,2,2,2,2,"5","aabr","2","5_AABR_2"
"107","t5_ahya1._02r",1,2,2,2,2,"5","ahya","1","5_AHYA_1"
"108","t5_ahya2._02r",1,2,2,2,2,"5","ahya","2","5_AHYA_2"
"109","t5_icra1._02r",2,3,6,7,8,"5","icra","1","5_ICRA_1"
"110","t5_icra10._02r",2,3,3,3,3,"5","icra","10","5_ICRA_10"
"111","t5_icra11._02r",3,4,4,4,4,"5","icra","11","5_ICRA_11"
"112","t5_icra12._02r",3,4,4,4,4,"5","icra","12","5_ICRA_12"
"113","t5_icra13._02r",3,4,4,4,4,"5","icra","13","5_ICRA_13"
"114","t5_icra14._02r",2,3,3,3,3,"5","icra","14","5_ICRA_14"
"115","t5_icra15._02r",2,3,6,7,8,"5","icra","15","5_ICRA_15"
"116","t5_icra16._02r",2,3,6,7,8,"5","icra","16","5_ICRA_16"
"117","t5_icra2._02r",2,3,6,7,8,"5","icra","2","5_ICRA_2"
"118","t5_icra3._02r",2,3,6,7,8,"5","icra","3","5_ICRA_3"
"119","t5_icra4._02r",2,3,3,3,3,"5","icra","4","5_ICRA_4"
"120","t5_icra5._02r",3,4,4,4,4,"5","icra","5","5_ICRA_5"
"121","t5_icra6._02r",2,3,6,7,8,"5","icra","6","5_ICRA_6"
"122","t5_icra7._02r",3,4,4,4,4,"5","icra","7","5_ICRA_7"
"123","t5_icra8._02r",2,3,6,7,8,"5","icra","8","5_ICRA_8"
"124","t5_icra9._02r",2,3,6,7,8,"5","icra","9","5_ICRA_9"
"125","t7_aabr1._05r",4,5,5,6,6,"7","aabr","1","7_AABR_1"
"126","t7_aabr2._05r",4,5,5,6,6,"7","aabr","2","7_AABR_2"
"127","t7_aabr3._05r",4,5,5,6,7,"7","aabr","3","7_AABR_3"
"128","t7_aabr4._05r",4,5,5,6,6,"7","aabr","4","7_AABR_4"
"129","t7_aabr5._05r",4,5,5,6,6,"7","aabr","5","7_AABR_5"
"130","t7_aabr6._05r",4,5,5,6,6,"7","aabr","6","7_AABR_6"
"131","t7_aglo1._05r",4,5,5,6,7,"7","aglo","1","7_AGLO_1"
"132","t7_aglo10._05r",4,5,5,6,7,"7","aglo","10","7_AGLO_10"
"133","t7_aglo11._05r",4,5,5,6,7,"7","aglo","11","7_AGLO_11"
"134","t7_aglo2._05r",4,5,5,6,6,"7","aglo","2","7_AGLO_2"
"135","t7_aglo3._05r",4,5,5,6,6,"7","aglo","3","7_AGLO_3"
"136","t7_aglo4._05r",4,5,5,6,7,"7","aglo","4","7_AGLO_4"
"137","t7_aglo5._05r",4,5,5,6,6,"7","aglo","5","7_AGLO_5"
"138","t7_aglo6._05r",4,5,5,6,6,"7","aglo","6","7_AGLO_6"
"139","t7_aglo7._05r",4,5,5,6,6,"7","aglo","7","7_AGLO_7"
"140","t7_aglo8._05r",4,5,5,6,7,"7","aglo","8","7_AGLO_8"
"141","t7_aglo9._05r",4,5,5,6,7,"7","aglo","9","7_AGLO_9"
"142","t7_ahya1._02r",1,1,1,1,1,"7","ahya","1","7_AHYA_1"
"143","t9_aabr1._02r",3,4,4,5,5,"9","aabr","1","9_AABR_1"
"144","t9_aabr2._02r",1,1,1,1,1,"9","aabr","2","9_AABR_2"
"145","t9_aglo1._02r",1,1,1,1,1,"9","aglo","1","9_AGLO_1"
"146","t9_aglo2._02r",1,1,1,1,1,"9","aglo","2","9_AGLO_2"
"147","t9_aglo3._02r",1,2,2,2,2,"9","aglo","3","9_AGLO_3"
"148","t9_aglo4._02r",1,2,2,2,2,"9","aglo","4","9_AGLO_4"
"149","t9_aglo5._02r",1,1,1,1,1,"9","aglo","5","9_AGLO_5"
"150","t9_aglo6._02r",1,2,2,2,2,"9","aglo","6","9_AGLO_6"
"151","t9_aglo7._02r",1,2,2,2,2,"9","aglo","7","9_AGLO_7"
"152","t9_aglo8._02r",1,2,2,2,2,"9","aglo","8","9_AGLO_8"
"153","t9_aglo9._02r",1,2,2,2,2,"9","aglo","9","9_AGLO_9"
"154","t9_ahya1._02r",1,1,1,1,1,"9","ahya","1","9_AHYA_1"
"155","t9_ahya2._02r",1,1,1,1,1,"9","ahya","2","9_AHYA_2"
"156","t9_ahya3._02r",1,1,1,1,1,"9","ahya","3","9_AHYA_3"
"157","t9_ahya4._02r",1,1,1,1,1,"9","ahya","4","9_AHYA_4"
"158","t9_ahya5._02r",1,2,2,2,2,"9","ahya","5","9_AHYA_5"
"159","t9_icra1._02r",2,3,3,3,3,"9","icra","1","9_ICRA_1"
"160","t9_icra2._02r",3,4,4,4,4,"9","icra","2","9_ICRA_2"
"161","t9_icra3._02r",2,3,3,3,3,"9","icra","3","9_ICRA_3"
"162","t9_icra4._02r",2,3,3,3,3,"9","icra","4","9_ICRA_4"
"163","t9_icra5._02r",2,3,3,3,3,"9","icra","5","9_ICRA_5"
"164","t9_icra6._02r",2,3,3,3,3,"9","icra","6","9_ICRA_6"
