"","SampleID_clean","site","species","genotype","GroupingProperty","Cluster_4","Cluster_5","Cluster_6","Cluster_7","Cluster_8"
"1","t1_aabr1","1","aabr","1","1_AABR_1",1,1,1,1,1
"2","t1_aabr2","1","aabr","2","1_AABR_2",1,2,2,2,2
"3","t1_aglo1","1","aglo","1","1_AGLO_1",1,1,1,1,1
"4","t1_aglo2","1","aglo","2","1_AGLO_2",1,1,1,1,1
"5","t1_aglo3","1","aglo","3","1_AGLO_3",1,2,2,2,2
"6","t1_aglo4","1","aglo","4","1_AGLO_4",1,1,1,1,1
"7","t1_aglo5","1","aglo","5","1_AGLO_5",1,2,2,2,2
"8","t1_aglo6","1","aglo","6","1_AGLO_6",1,2,2,2,2
"9","t1_aglo7","1","aglo","7","1_AGLO_7",1,2,2,2,2
"10","t1_aglo8","1","aglo","8","1_AGLO_8",1,1,1,1,1
"11","t1_aglo9","1","aglo","9","1_AGLO_9",1,2,2,2,2
"12","t1_ahya1","1","ahya","1","1_AHYA_1",1,2,2,2,2
"13","t1_icra1","1","icra","1","1_ICRA_1",2,3,3,3,3
"14","t1_icra2","1","icra","2","1_ICRA_2",2,3,3,3,3
"15","t1_icra3","1","icra","3","1_ICRA_3",2,3,3,3,3
"16","t1_icra4","1","icra","4","1_ICRA_4",3,4,4,4,4
"17","t1_icra5","1","icra","5","1_ICRA_5",2,3,3,3,3
"18","t1_icra6","1","icra","6","1_ICRA_6",3,4,4,4,4
"19","t1_icra7","1","icra","7","1_ICRA_7",3,4,4,4,4
"20","t1_icra8","1","icra","8","1_ICRA_8",2,3,3,3,3
"21","t10_aabr1","10","aabr","1","10_AABR_1",1,1,1,1,1
"22","t10_aabr2","10","aabr","2","10_AABR_2",1,1,1,1,1
"23","t10_aglo1","10","aglo","1","10_AGLO_1",1,2,2,2,2
"24","t10_aglo2","10","aglo","2","10_AGLO_2",1,2,2,2,2
"25","t10_aglo3","10","aglo","3","10_AGLO_3",1,2,2,2,2
"26","t10_aglo4","10","aglo","4","10_AGLO_4",1,2,2,2,2
"27","t10_aglo5","10","aglo","5","10_AGLO_5",1,1,1,1,1
"28","t10_aglo6","10","aglo","6","10_AGLO_6",1,1,1,1,1
"29","t10_ahya1","10","ahya","1","10_AHYA_1",1,2,2,2,2
"30","t10_ahya2","10","ahya","2","10_AHYA_2",1,2,2,2,2
"31","t10_icra1","10","icra","1","10_ICRA_1",3,4,4,4,4
"32","t10_icra10","10","icra","10","10_ICRA_10",3,4,4,5,5
"33","t10_icra2","10","icra","2","10_ICRA_2",2,3,3,3,3
"34","t10_icra3","10","icra","3","10_ICRA_3",3,4,4,5,5
"35","t10_icra4","10","icra","4","10_ICRA_4",3,4,4,4,4
"36","t10_icra5","10","icra","5","10_ICRA_5",3,4,4,4,4
"37","t10_icra6","10","icra","6","10_ICRA_6",3,4,4,4,4
"38","t10_icra7","10","icra","7","10_ICRA_7",3,4,4,4,4
"39","t10_icra8","10","icra","8","10_ICRA_8",3,4,4,4,4
"40","t10_icra9","10","icra","9","10_ICRA_9",3,4,4,4,4
"41","t11_aabr1","11","aabr","1","11_AABR_1",4,5,5,6,6
"42","t11_aabr2","11","aabr","2","11_AABR_2",4,5,5,6,7
"43","t11_aabr3","11","aabr","3","11_AABR_3",4,5,5,6,7
"44","t11_aglo1","11","aglo","1","11_AGLO_1",4,5,5,6,6
"45","t11_aglo2","11","aglo","2","11_AGLO_2",4,5,5,6,6
"46","t11_aglo3","11","aglo","3","11_AGLO_3",4,5,5,6,7
"47","t11_aglo4","11","aglo","4","11_AGLO_4",4,5,5,6,6
"48","t11_aglo5","11","aglo","5","11_AGLO_5",4,5,5,6,7
"49","t11_aglo6","11","aglo","6","11_AGLO_6",4,5,5,6,6
"50","t11_aglo7","11","aglo","7","11_AGLO_7",4,5,5,6,7
"51","t11_aglo8","11","aglo","8","11_AGLO_8",4,5,5,6,7
"52","t11_aglo9","11","aglo","9","11_AGLO_9",4,5,5,6,6
"53","t11_ahya1","11","ahya","1","11_AHYA_1",1,2,2,2,2
"54","t11_ahya2","11","ahya","2","11_AHYA_2",1,2,2,2,2
"55","t11_icra1","11","icra","1","11_ICRA_1",3,4,4,5,5
"56","t11_icra10","11","icra","10","11_ICRA_10",1,2,2,2,2
"57","t11_icra2","11","icra","2","11_ICRA_2",3,4,4,5,5
"58","t11_icra3","11","icra","3","11_ICRA_3",3,4,4,5,5
"59","t11_icra4","11","icra","4","11_ICRA_4",3,4,4,5,5
"60","t11_icra5","11","icra","5","11_ICRA_5",1,1,1,1,1
"61","t11_icra6","11","icra","6","11_ICRA_6",3,4,4,5,5
"62","t11_icra7","11","icra","7","11_ICRA_7",3,4,4,5,5
"63","t11_icra8","11","icra","8","11_ICRA_8",1,1,1,1,1
"64","t11_icra9","11","icra","9","11_ICRA_9",3,4,4,5,5
"65","t3_aabr1","3","aabr","1","3_AABR_1",1,1,1,1,1
"66","t3_aabr2","3","aabr","2","3_AABR_2",1,1,1,1,1
"67","t3_aglo1","3","aglo","1","3_AGLO_1",1,2,2,2,2
"68","t3_aglo2","3","aglo","2","3_AGLO_2",1,1,1,1,1
"69","t3_aglo3","3","aglo","3","3_AGLO_3",3,4,4,5,5
"70","t3_aglo4","3","aglo","4","3_AGLO_4",1,1,1,1,1
"71","t3_aglo5","3","aglo","5","3_AGLO_5",1,2,2,2,2
"72","t3_aglo6","3","aglo","6","3_AGLO_6",1,2,2,2,2
"73","t3_aglo7","3","aglo","7","3_AGLO_7",1,1,1,1,1
"74","t3_aglo8","3","aglo","8","3_AGLO_8",1,1,1,1,1
"75","t3_ahya1","3","ahya","1","3_AHYA_1",1,1,1,1,1
"76","t3_ahya2","3","ahya","2","3_AHYA_2",1,2,2,2,2
"77","t3_icra1","3","icra","1","3_ICRA_1",2,3,3,3,3
"78","t3_icra2","3","icra","2","3_ICRA_2",2,3,6,7,8
"79","t3_icra3","3","icra","3","3_ICRA_3",2,3,6,7,8
"80","t3_icra4","3","icra","4","3_ICRA_4",2,3,6,7,8
"81","t3_icra5","3","icra","5","3_ICRA_5",2,3,6,7,8
"82","t3_icra6","3","icra","6","3_ICRA_6",2,3,6,7,8
"83","t3_icra7","3","icra","7","3_ICRA_7",3,4,4,4,4
"84","t3_icra8","3","icra","8","3_ICRA_8",2,3,6,7,8
"85","t4_aabr1","4","aabr","1","4_AABR_1",1,1,1,1,1
"86","t4_aabr2","4","aabr","2","4_AABR_2",1,1,1,1,1
"87","t4_aglo1","4","aglo","1","4_AGLO_1",1,2,2,2,2
"88","t4_aglo2","4","aglo","2","4_AGLO_2",1,2,2,2,2
"89","t4_aglo3","4","aglo","3","4_AGLO_3",1,2,2,2,2
"90","t4_aglo4","4","aglo","4","4_AGLO_4",1,1,1,1,1
"91","t4_aglo5","4","aglo","5","4_AGLO_5",1,2,2,2,2
"92","t4_aglo6","4","aglo","6","4_AGLO_6",1,1,1,1,1
"93","t4_aglo7","4","aglo","7","4_AGLO_7",3,4,4,5,5
"94","t4_aglo8","4","aglo","8","4_AGLO_8",1,2,2,2,2
"95","t4_ahya1","4","ahya","1","4_AHYA_1",1,2,2,2,2
"96","t4_ahya2","4","ahya","2","4_AHYA_2",1,2,2,2,2
"97","t4_icra1","4","icra","1","4_ICRA_1",3,4,4,5,5
"98","t4_icra2","4","icra","2","4_ICRA_2",2,3,6,7,8
"99","t4_icra3","4","icra","3","4_ICRA_3",2,3,6,7,8
"100","t4_icra4","4","icra","4","4_ICRA_4",3,4,4,4,4
"101","t4_icra5","4","icra","5","4_ICRA_5",2,3,6,7,8
"102","t4_icra6","4","icra","6","4_ICRA_6",2,3,6,7,8
"103","t4_icra7","4","icra","7","4_ICRA_7",2,3,6,7,8
"104","t4_icra8","4","icra","8","4_ICRA_8",2,3,3,3,3
"105","t5_aabr1","5","aabr","1","5_AABR_1",1,2,2,2,2
"106","t5_aabr2","5","aabr","2","5_AABR_2",1,2,2,2,2
"107","t5_ahya1","5","ahya","1","5_AHYA_1",1,2,2,2,2
"108","t5_ahya2","5","ahya","2","5_AHYA_2",1,2,2,2,2
"109","t5_icra1","5","icra","1","5_ICRA_1",2,3,6,7,8
"110","t5_icra10","5","icra","10","5_ICRA_10",2,3,3,3,3
"111","t5_icra11","5","icra","11","5_ICRA_11",3,4,4,4,4
"112","t5_icra12","5","icra","12","5_ICRA_12",3,4,4,4,4
"113","t5_icra13","5","icra","13","5_ICRA_13",3,4,4,4,4
"114","t5_icra14","5","icra","14","5_ICRA_14",2,3,3,3,3
"115","t5_icra15","5","icra","15","5_ICRA_15",2,3,6,7,8
"116","t5_icra16","5","icra","16","5_ICRA_16",2,3,6,7,8
"117","t5_icra2","5","icra","2","5_ICRA_2",2,3,6,7,8
"118","t5_icra3","5","icra","3","5_ICRA_3",2,3,6,7,8
"119","t5_icra4","5","icra","4","5_ICRA_4",2,3,3,3,3
"120","t5_icra5","5","icra","5","5_ICRA_5",3,4,4,4,4
"121","t5_icra6","5","icra","6","5_ICRA_6",2,3,6,7,8
"122","t5_icra7","5","icra","7","5_ICRA_7",3,4,4,4,4
"123","t5_icra8","5","icra","8","5_ICRA_8",2,3,6,7,8
"124","t5_icra9","5","icra","9","5_ICRA_9",2,3,6,7,8
"125","t7_aabr1","7","aabr","1","7_AABR_1",4,5,5,6,6
"126","t7_aabr2","7","aabr","2","7_AABR_2",4,5,5,6,6
"127","t7_aabr3","7","aabr","3","7_AABR_3",4,5,5,6,7
"128","t7_aabr4","7","aabr","4","7_AABR_4",4,5,5,6,6
"129","t7_aabr5","7","aabr","5","7_AABR_5",4,5,5,6,6
"130","t7_aabr6","7","aabr","6","7_AABR_6",4,5,5,6,6
"131","t7_aglo1","7","aglo","1","7_AGLO_1",4,5,5,6,7
"132","t7_aglo10","7","aglo","10","7_AGLO_10",4,5,5,6,7
"133","t7_aglo11","7","aglo","11","7_AGLO_11",4,5,5,6,7
"134","t7_aglo2","7","aglo","2","7_AGLO_2",4,5,5,6,6
"135","t7_aglo3","7","aglo","3","7_AGLO_3",4,5,5,6,6
"136","t7_aglo4","7","aglo","4","7_AGLO_4",4,5,5,6,7
"137","t7_aglo5","7","aglo","5","7_AGLO_5",4,5,5,6,6
"138","t7_aglo6","7","aglo","6","7_AGLO_6",4,5,5,6,6
"139","t7_aglo7","7","aglo","7","7_AGLO_7",4,5,5,6,6
"140","t7_aglo8","7","aglo","8","7_AGLO_8",4,5,5,6,7
"141","t7_aglo9","7","aglo","9","7_AGLO_9",4,5,5,6,7
"142","t7_ahya1","7","ahya","1","7_AHYA_1",1,1,1,1,1
"143","t9_aabr1","9","aabr","1","9_AABR_1",3,4,4,5,5
"144","t9_aabr2","9","aabr","2","9_AABR_2",1,1,1,1,1
"145","t9_aglo1","9","aglo","1","9_AGLO_1",1,1,1,1,1
"146","t9_aglo2","9","aglo","2","9_AGLO_2",1,1,1,1,1
"147","t9_aglo3","9","aglo","3","9_AGLO_3",1,2,2,2,2
"148","t9_aglo4","9","aglo","4","9_AGLO_4",1,2,2,2,2
"149","t9_aglo5","9","aglo","5","9_AGLO_5",1,1,1,1,1
"150","t9_aglo6","9","aglo","6","9_AGLO_6",1,2,2,2,2
"151","t9_aglo7","9","aglo","7","9_AGLO_7",1,2,2,2,2
"152","t9_aglo8","9","aglo","8","9_AGLO_8",1,2,2,2,2
"153","t9_aglo9","9","aglo","9","9_AGLO_9",1,2,2,2,2
"154","t9_ahya1","9","ahya","1","9_AHYA_1",1,1,1,1,1
"155","t9_ahya2","9","ahya","2","9_AHYA_2",1,1,1,1,1
"156","t9_ahya3","9","ahya","3","9_AHYA_3",1,1,1,1,1
"157","t9_ahya4","9","ahya","4","9_AHYA_4",1,1,1,1,1
"158","t9_ahya5","9","ahya","5","9_AHYA_5",1,2,2,2,2
"159","t9_icra1","9","icra","1","9_ICRA_1",2,3,3,3,3
"160","t9_icra2","9","icra","2","9_ICRA_2",3,4,4,4,4
"161","t9_icra3","9","icra","3","9_ICRA_3",2,3,3,3,3
"162","t9_icra4","9","icra","4","9_ICRA_4",2,3,3,3,3
"163","t9_icra5","9","icra","5","9_ICRA_5",2,3,3,3,3
"164","t9_icra6","9","icra","6","9_ICRA_6",2,3,3,3,3
